Rk,Player,Age,Team,Pos,G,GS,MP,FG,FGA,FG%,3P,3PA,3P%,2P,2PA,2P%,eFG%,FT,FTA,FT%,ORB,DRB,TRB,AST,STL,BLK,TOV,PF,PTS,Awards,player_name
1.0,Giannis Antetokounmpo,30.0,MIL,PF,26.0,26.0,35.1,12.7,21.0,0.606,0.2,0.7,0.222,12.5,20.3,0.619,0.609,6.8,11.3,0.603,2.0,9.6,11.7,6.0,0.8,1.5,3.3,2.5,32.4,,Giannis Antetokounmpo
2.0,Shai Gilgeous-Alexander,26.0,OKC,PG,34.0,34.0,34.4,11.0,21.0,0.525,2.1,6.0,0.356,8.9,15.0,0.593,0.576,7.0,7.9,0.885,0.8,4.6,5.4,6.1,2.0,1.1,2.6,2.1,31.2,,Shai Gilgeous-Alexander
3.0,Nikola Jokić,29.0,DEN,C,30.0,30.0,36.9,11.8,21.3,0.553,2.3,4.7,0.479,9.5,16.5,0.575,0.607,5.2,6.5,0.805,3.5,9.7,13.2,9.7,1.7,0.6,3.3,2.1,31.0,,Nikola Jokić
4.0,LaMelo Ball,23.0,CHO,PG,22.0,22.0,33.7,10.5,24.6,0.425,4.5,13.0,0.346,6.0,11.6,0.514,0.517,4.7,5.5,0.844,0.9,4.5,5.3,7.4,1.3,0.2,4.1,3.7,30.1,,LaMelo Ball
5.0,Paolo Banchero,22.0,ORL,PF,5.0,5.0,36.4,9.6,19.4,0.495,2.2,6.4,0.344,7.4,13.0,0.569,0.552,7.6,11.8,0.644,2.4,6.4,8.8,5.6,0.6,0.8,2.2,2.6,29.0,,Paolo Banchero
6.0,Jayson Tatum,26.0,BOS,PF,32.0,32.0,36.3,9.4,20.2,0.464,3.9,10.7,0.37,5.4,9.6,0.569,0.561,5.5,6.9,0.796,0.6,8.8,9.4,5.6,1.3,0.4,2.8,2.5,28.2,,Jayson Tatum
7.0,Luka Dončić,25.0,DAL,PG,22.0,22.0,35.7,9.8,21.2,0.464,3.4,9.6,0.354,6.4,11.5,0.555,0.544,5.1,6.6,0.767,0.7,7.6,8.3,7.8,2.0,0.4,3.4,2.6,28.1,,Luka Dončić
8.0,Kevin Durant,36.0,PHO,PF,22.0,22.0,36.0,9.8,19.1,0.512,2.4,5.9,0.411,7.4,13.2,0.557,0.575,5.8,6.9,0.836,0.5,6.0,6.5,3.8,0.8,1.3,3.3,1.8,27.7,,Kevin Durant
9.0,De'Aaron Fox,27.0,SAC,PG,35.0,35.0,37.3,9.9,20.3,0.486,2.0,6.3,0.321,7.8,14.0,0.56,0.536,4.9,6.1,0.808,1.1,3.9,4.9,6.2,1.6,0.3,3.3,2.8,26.7,,De'Aaron Fox
10.0,Victor Wembanyama,21.0,SAS,C,29.0,29.0,32.9,9.3,19.2,0.487,3.3,9.2,0.362,6.0,10.0,0.602,0.574,3.9,4.4,0.875,1.9,8.4,10.3,3.9,1.0,3.9,3.6,2.1,25.9,,Victor Wembanyama
11.0,Anthony Davis,31.0,LAL,C,32.0,32.0,34.8,9.4,18.0,0.522,0.7,2.2,0.314,8.7,15.8,0.55,0.541,6.4,8.2,0.779,2.6,9.2,11.8,3.6,1.3,2.1,2.3,1.9,25.8,,Anthony Davis
12.0,Tyrese Maxey,24.0,PHI,PG,26.0,26.0,37.2,8.8,20.8,0.421,3.2,9.4,0.34,5.6,11.5,0.487,0.497,4.7,5.6,0.842,0.2,3.3,3.5,5.4,2.2,0.5,2.3,2.4,25.5,,Tyrese Maxey
13.0,Jalen Brunson,28.0,NYK,PG,34.0,34.0,35.1,8.6,17.9,0.479,2.4,6.2,0.393,6.1,11.7,0.525,0.548,5.5,6.7,0.821,0.4,2.5,3.0,7.7,0.8,0.1,2.4,2.2,25.1,,Jalen Brunson
14.0,Damian Lillard,34.0,MIL,PG,25.0,25.0,36.5,7.6,17.6,0.434,3.4,9.4,0.364,4.2,8.2,0.515,0.532,6.4,6.9,0.919,0.6,3.8,4.5,7.6,1.1,0.2,2.9,1.9,25.1,,Damian Lillard
15.0,Devin Booker,28.0,PHO,SG,27.0,27.0,36.3,7.8,18.2,0.429,2.6,7.7,0.341,5.2,10.5,0.493,0.501,6.5,7.2,0.902,1.1,2.5,3.7,6.5,1.1,0.3,2.3,2.1,24.7,,Devin Booker
16.0,Cam Thomas,23.0,BRK,SG,19.0,17.0,32.3,7.9,17.7,0.448,2.8,7.6,0.375,5.1,10.2,0.503,0.528,5.9,6.8,0.876,0.5,3.1,3.6,3.4,0.7,0.1,2.7,1.9,24.7,,Cam Thomas
17.0,Karl-Anthony Towns,29.0,NYK,C,33.0,33.0,34.5,8.8,16.2,0.548,2.1,4.8,0.44,6.7,11.3,0.594,0.614,4.9,5.8,0.834,2.9,11.1,14.0,3.3,0.9,0.9,2.5,3.6,24.7,,Karl-Anthony Towns
18.0,Anthony Edwards,23.0,MIN,SG,33.0,33.0,36.1,8.7,19.8,0.44,4.0,9.7,0.409,4.7,10.1,0.47,0.541,3.1,3.8,0.81,0.6,5.0,5.6,4.0,1.2,0.6,3.0,1.9,24.5,,Anthony Edwards
19.0,Jaylen Brown,28.0,BOS,SF,28.0,28.0,35.4,9.0,19.4,0.461,2.3,7.0,0.332,6.6,12.4,0.534,0.521,4.1,5.6,0.734,1.5,4.5,6.0,4.6,1.4,0.3,2.8,2.4,24.4,,Jaylen Brown
20.0,Franz Wagner,23.0,ORL,SF,25.0,25.0,33.2,8.8,18.9,0.465,2.0,6.4,0.321,6.8,12.6,0.538,0.519,4.8,5.4,0.881,0.9,4.7,5.6,5.7,1.7,0.5,2.4,2.3,24.4,,Franz Wagner
21.0,Kyrie Irving,32.0,DAL,SG,30.0,30.0,35.6,9.0,18.3,0.49,3.1,7.0,0.441,5.9,11.3,0.521,0.575,3.3,3.6,0.899,1.0,3.5,4.6,4.9,1.2,0.4,2.3,2.2,24.3,,Kyrie Irving
22.0,Joel Embiid,30.0,PHI,C,12.0,12.0,29.5,7.6,16.9,0.448,1.2,3.8,0.304,6.4,13.1,0.49,0.483,7.8,8.5,0.912,1.8,5.8,7.6,3.7,0.9,1.1,3.2,2.3,24.1,,Joel Embiid
23.0,Tyler Herro,25.0,MIA,SG,32.0,32.0,35.3,8.3,17.5,0.478,3.9,9.6,0.41,4.4,7.9,0.56,0.59,3.4,4.0,0.853,0.3,5.2,5.5,5.1,0.7,0.1,2.5,1.6,24.1,,Tyler Herro
24.0,LeBron James,40.0,LAL,SF,31.0,31.0,34.9,9.3,18.3,0.507,2.2,5.7,0.382,7.1,12.6,0.564,0.567,3.4,4.4,0.77,0.9,6.5,7.4,8.9,0.7,0.6,3.8,1.4,24.1,,LeBron James
25.0,Cade Cunningham,23.0,DET,PG,30.0,30.0,35.6,8.9,19.8,0.447,2.4,6.5,0.371,6.5,13.4,0.484,0.508,3.5,4.4,0.794,1.0,5.7,6.7,9.5,0.8,0.9,4.4,2.9,23.6,,Cade Cunningham
26.0,Norman Powell,31.0,LAC,SG,27.0,27.0,33.1,8.1,17.0,0.48,3.6,8.1,0.441,4.6,8.8,0.517,0.586,3.7,4.4,0.847,0.3,3.0,3.3,2.4,1.2,0.2,2.2,2.1,23.6,,Norman Powell
27.0,RJ Barrett,24.0,TOR,SG,27.0,27.0,34.1,8.5,18.5,0.459,1.9,5.6,0.344,6.6,12.9,0.509,0.511,4.5,6.2,0.726,0.9,5.9,6.8,6.2,0.7,0.4,3.4,2.5,23.4,,RJ Barrett
28.0,Donovan Mitchell,28.0,CLE,SG,33.0,33.0,31.4,8.2,18.1,0.456,3.8,9.3,0.412,4.4,8.8,0.502,0.562,3.1,3.8,0.815,0.5,3.9,4.4,4.7,1.5,0.2,2.1,1.9,23.4,,Donovan Mitchell
29.0,CJ McCollum,33.0,NOP,PG,22.0,22.0,33.6,8.7,18.9,0.459,3.1,8.4,0.368,5.6,10.5,0.532,0.541,2.3,3.2,0.714,0.8,3.0,3.8,4.0,1.0,0.5,1.7,2.4,22.7,,CJ McCollum
30.0,Zion Williamson,24.0,NOP,PF,6.0,6.0,31.0,7.8,17.3,0.452,0.3,1.0,0.333,7.5,16.3,0.459,0.462,6.7,10.0,0.667,2.7,5.3,8.0,5.3,0.7,1.2,3.7,3.0,22.7,,Zion Williamson
31.0,Trae Young,26.0,ATL,PG,33.0,33.0,35.8,6.8,17.0,0.401,2.9,8.5,0.338,3.9,8.5,0.464,0.486,6.1,7.0,0.874,0.5,3.0,3.5,11.9,1.3,0.2,4.4,2.0,22.6,,Trae Young
32.0,Stephen Curry,36.0,GSW,PG,27.0,27.0,31.2,7.4,16.7,0.447,4.3,10.4,0.418,3.1,6.3,0.494,0.577,3.1,3.4,0.923,0.5,4.3,4.8,6.5,1.1,0.5,3.0,1.1,22.3,,Stephen Curry
33.0,Jaren Jackson Jr.,25.0,MEM,C,33.0,33.0,28.7,7.9,16.2,0.49,1.9,5.3,0.352,6.0,10.8,0.557,0.548,4.6,5.8,0.792,1.4,4.8,6.1,1.9,1.4,1.7,2.2,3.3,22.3,,Jaren Jackson Jr.
34.0,Zach LaVine,29.0,CHI,SF,29.0,29.0,33.3,8.0,15.9,0.503,3.3,7.4,0.444,4.7,8.4,0.555,0.607,3.0,3.8,0.807,0.2,4.2,4.4,4.3,0.9,0.3,3.0,1.7,22.3,,Zach LaVine
35.0,Brandon Ingram,27.0,NOP,SF,18.0,18.0,33.1,8.6,18.5,0.465,2.4,6.4,0.374,6.2,12.1,0.514,0.53,2.6,3.1,0.855,0.9,4.6,5.6,5.2,0.9,0.6,3.8,2.5,22.2,,Brandon Ingram
36.0,James Harden,35.0,LAC,PG,32.0,32.0,33.9,6.3,15.9,0.393,2.8,8.2,0.347,3.4,7.7,0.441,0.482,6.6,7.4,0.89,0.6,5.5,6.1,7.8,1.5,0.6,4.8,2.0,21.9,,James Harden
37.0,Jordan Poole,25.0,WAS,SG,28.0,28.0,31.4,7.0,16.2,0.435,3.6,8.9,0.406,3.4,7.3,0.471,0.546,4.1,4.9,0.847,0.4,2.3,2.7,5.0,1.6,0.5,3.6,3.4,21.8,,Jordan Poole
38.0,Brandon Miller,22.0,CHO,SF,23.0,23.0,34.5,7.4,18.6,0.4,3.9,11.0,0.352,3.6,7.6,0.471,0.505,2.7,3.0,0.897,0.9,4.2,5.1,3.7,1.1,0.7,2.8,2.7,21.4,,Brandon Miller
39.0,Ja Morant,25.0,MEM,PG,20.0,20.0,27.7,7.1,15.7,0.454,1.6,4.8,0.323,5.6,10.9,0.512,0.503,5.5,6.5,0.838,0.7,3.8,4.4,7.9,1.1,0.4,3.8,1.6,21.2,,Ja Morant
40.0,Jalen Williams,23.0,OKC,SG,34.0,34.0,32.4,8.3,17.2,0.481,1.8,5.1,0.353,6.5,12.1,0.535,0.533,2.6,3.3,0.777,0.9,4.9,5.8,5.1,1.8,0.7,2.2,2.5,20.9,,Jalen Williams
41.0,DeMar DeRozan,35.0,SAC,SF,30.0,30.0,35.1,7.7,15.7,0.492,0.7,2.2,0.328,7.0,13.5,0.519,0.515,4.6,5.4,0.853,0.6,3.3,3.9,3.9,1.4,0.4,1.5,2.1,20.8,,DeMar DeRozan
42.0,Trey Murphy III,24.0,NOP,SF,22.0,20.0,34.4,7.0,15.7,0.446,3.1,8.5,0.362,3.9,7.1,0.548,0.545,3.5,3.9,0.906,0.9,3.6,4.5,2.7,1.1,0.7,1.7,2.3,20.6,,Trey Murphy III
43.0,Domantas Sabonis,28.0,SAC,C,32.0,32.0,35.7,8.1,13.7,0.593,1.0,2.4,0.429,7.1,11.3,0.628,0.63,3.3,4.2,0.785,3.8,9.9,13.7,6.1,0.8,0.4,2.9,3.5,20.5,,Domantas Sabonis
44.0,Scottie Barnes,23.0,TOR,PF,22.0,22.0,34.3,7.7,16.5,0.467,1.6,5.6,0.293,6.1,11.0,0.556,0.516,3.3,4.5,0.735,1.7,6.6,8.3,6.6,1.4,0.6,3.7,2.2,20.4,,Scottie Barnes
45.0,Darius Garland,25.0,CLE,PG,33.0,33.0,30.0,7.3,14.9,0.493,2.9,6.8,0.427,4.4,8.1,0.549,0.591,2.8,3.1,0.911,0.5,2.1,2.6,6.8,1.2,0.2,2.3,2.1,20.4,,Darius Garland
46.0,Nikola Vučević,34.0,CHI,C,33.0,33.0,32.2,8.2,14.7,0.559,2.1,4.8,0.44,6.1,9.9,0.617,0.631,1.8,2.2,0.831,2.2,7.9,10.1,3.3,0.8,0.7,1.6,2.3,20.3,,Nikola Vučević
47.0,Julius Randle,30.0,MIN,PF,33.0,33.0,33.2,6.9,14.4,0.479,1.8,4.9,0.377,5.0,9.5,0.532,0.543,4.5,5.5,0.824,1.9,5.1,7.0,4.5,0.7,0.2,3.0,2.4,20.2,,Julius Randle
48.0,De'Andre Hunter,27.0,ATL,SF,24.0,2.0,27.8,6.5,13.3,0.484,2.7,6.1,0.438,3.8,7.3,0.523,0.584,4.3,5.0,0.858,0.7,3.4,4.0,1.4,0.9,0.1,1.3,2.3,19.9,,De'Andre Hunter
49.0,Jalen Johnson,23.0,ATL,SF,32.0,32.0,36.3,7.9,15.4,0.512,1.4,4.2,0.331,6.5,11.3,0.579,0.557,2.7,3.5,0.752,1.8,8.3,10.1,5.3,1.5,1.1,3.0,2.0,19.8,,Jalen Johnson
50.0,Pascal Siakam,30.0,IND,PF,35.0,35.0,33.7,7.5,14.4,0.522,1.9,4.4,0.439,5.6,10.0,0.559,0.589,2.8,3.7,0.756,1.7,5.6,7.3,3.4,0.9,0.3,1.3,2.9,19.8,,Pascal Siakam
51.0,Jalen Green,22.0,HOU,SG,34.0,34.0,32.7,6.9,16.7,0.41,2.5,7.7,0.319,4.4,9.0,0.489,0.484,3.4,4.0,0.86,0.5,3.9,4.4,2.5,1.0,0.3,2.4,1.7,19.6,,Jalen Green
52.0,Jamal Murray,27.0,DEN,PG,27.0,27.0,36.7,7.0,16.1,0.436,2.1,5.9,0.367,4.9,10.3,0.475,0.502,3.4,4.0,0.852,0.5,3.6,4.1,6.3,1.5,0.7,2.3,1.7,19.6,,Jamal Murray
53.0,Cameron Johnson,28.0,BRK,PF,32.0,32.0,32.6,6.4,12.8,0.496,3.3,7.5,0.436,3.1,5.3,0.582,0.624,3.5,3.9,0.895,0.8,3.5,4.3,3.0,0.9,0.4,1.7,1.8,19.5,,Cameron Johnson
54.0,Lauri Markkanen,27.0,UTA,PF,27.0,27.0,32.0,6.1,14.1,0.429,2.8,7.9,0.358,3.3,6.3,0.518,0.529,4.5,5.1,0.891,1.8,4.6,6.4,1.9,0.8,0.3,1.5,1.6,19.5,,Lauri Markkanen
55.0,Evan Mobley,23.0,CLE,PF,32.0,32.0,30.2,7.3,12.7,0.575,1.2,2.7,0.435,6.2,10.1,0.612,0.62,3.1,4.0,0.781,2.1,6.7,8.8,2.9,1.0,1.5,2.1,2.2,18.9,,Evan Mobley
56.0,Michael Porter Jr.,26.0,DEN,SF,33.0,33.0,34.3,7.2,13.8,0.524,2.6,6.2,0.422,4.6,7.6,0.608,0.62,1.8,2.5,0.699,1.5,4.9,6.4,2.6,0.7,0.4,1.4,2.1,18.9,,Michael Porter Jr.
57.0,Alperen Sengun,22.0,HOU,C,34.0,34.0,31.4,7.5,15.2,0.49,0.3,1.5,0.22,7.1,13.8,0.519,0.501,3.6,4.8,0.756,3.4,7.2,10.6,5.0,1.3,0.9,2.5,2.8,18.9,,Alperen Sengun
58.0,Mikal Bridges,28.0,NYK,SF,35.0,35.0,39.3,7.6,15.0,0.509,2.5,6.8,0.363,5.2,8.2,0.628,0.59,0.7,1.1,0.703,0.9,2.4,3.3,3.3,1.2,0.5,1.6,1.4,18.5,,Mikal Bridges
59.0,Austin Reaves,26.0,LAL,SG,29.0,29.0,34.7,6.2,14.0,0.44,2.6,7.2,0.357,3.6,6.8,0.528,0.532,3.3,4.1,0.815,1.0,3.6,4.6,5.9,1.0,0.1,2.6,2.1,18.3,,Austin Reaves
60.0,Bradley Beal,31.0,PHO,SG,22.0,22.0,33.4,7.1,14.6,0.489,2.2,5.8,0.386,4.9,8.8,0.557,0.565,1.7,2.3,0.76,0.7,3.0,3.7,3.1,1.2,0.7,2.2,2.7,18.2,,Bradley Beal
61.0,Miles Bridges,26.0,CHO,PF,20.0,20.0,31.1,6.4,15.4,0.416,2.0,6.9,0.285,4.5,8.6,0.52,0.479,3.3,3.8,0.88,0.9,6.9,7.8,3.7,0.7,0.7,2.1,1.4,18.1,,Miles Bridges
62.0,Tyrese Haliburton,24.0,IND,PG,35.0,35.0,35.3,6.2,14.2,0.44,2.9,8.4,0.35,3.3,5.8,0.569,0.543,2.7,3.2,0.838,0.7,3.0,3.7,8.8,1.2,0.6,1.8,1.4,18.1,,Tyrese Haliburton
63.0,Shaedon Sharpe,21.0,POR,SG,25.0,23.0,31.1,6.6,14.7,0.451,1.8,6.2,0.288,4.8,8.5,0.571,0.512,2.8,3.5,0.795,0.6,2.9,3.6,2.4,0.8,0.2,1.7,1.8,17.9,,Shaedon Sharpe
64.0,Coby White,24.0,CHI,SG,32.0,32.0,32.8,6.0,14.3,0.421,3.0,8.4,0.352,3.1,5.9,0.521,0.525,2.9,3.3,0.886,0.4,3.2,3.5,4.7,1.1,0.2,2.4,2.5,17.9,,Coby White
65.0,John Collins,27.0,UTA,PF,26.0,17.0,30.0,6.5,12.3,0.523,1.4,3.3,0.424,5.1,9.1,0.559,0.579,3.4,3.9,0.871,2.2,6.0,8.2,2.5,1.1,0.8,2.6,2.9,17.7,,John Collins
66.0,Kristaps Porziņģis,29.0,BOS,C,12.0,12.0,27.3,5.8,13.0,0.449,2.0,5.8,0.343,3.8,7.2,0.535,0.526,4.0,4.8,0.842,1.3,4.9,6.3,1.7,0.7,1.5,0.8,2.3,17.7,,Kristaps Porziņģis
67.0,Collin Sexton,26.0,UTA,SG,32.0,30.0,28.5,6.4,12.9,0.493,2.0,4.5,0.438,4.4,8.4,0.522,0.569,2.9,3.3,0.895,0.9,1.8,2.7,3.8,0.8,0.1,2.6,2.3,17.7,,Collin Sexton
68.0,Anfernee Simons,25.0,POR,SG,30.0,30.0,31.4,6.3,15.1,0.415,2.6,7.8,0.335,3.7,7.3,0.5,0.501,2.5,2.8,0.905,0.3,2.4,2.7,4.9,1.0,0.1,2.4,2.0,17.7,,Anfernee Simons
69.0,Jimmy Butler,35.0,MIA,PF,22.0,22.0,30.8,5.8,10.5,0.552,0.5,1.5,0.375,5.3,9.1,0.58,0.578,5.4,6.9,0.788,2.3,3.2,5.5,4.7,1.2,0.4,1.2,1.0,17.6,,Jimmy Butler
70.0,Jaden Ivey,22.0,DET,SG,30.0,30.0,29.9,6.3,13.8,0.46,2.1,5.1,0.409,4.2,8.6,0.49,0.536,2.8,3.9,0.733,1.3,2.8,4.1,4.0,0.9,0.4,3.0,2.2,17.6,,Jaden Ivey
71.0,Gradey Dick,21.0,TOR,SG,29.0,29.0,31.8,5.9,14.3,0.414,2.4,7.0,0.351,3.5,7.3,0.474,0.5,3.1,3.5,0.891,0.8,2.7,3.6,2.1,1.0,0.2,1.8,2.4,17.4,,Gradey Dick
72.0,Derrick White,30.0,BOS,SG,34.0,34.0,34.3,6.0,13.1,0.456,3.6,9.1,0.399,2.4,4.0,0.584,0.594,1.7,2.1,0.831,1.0,3.6,4.5,4.4,0.9,1.2,1.7,2.1,17.3,,Derrick White
73.0,Jonathan Kuminga,22.0,GSW,PF,31.0,10.0,26.4,6.1,13.5,0.456,1.2,3.6,0.327,4.9,9.8,0.503,0.5,3.4,5.3,0.642,1.4,3.6,5.1,2.2,0.9,0.6,1.5,2.0,16.9,,Jonathan Kuminga
74.0,Jordan Clarkson,32.0,UTA,SG,21.0,3.0,26.7,5.6,13.6,0.414,2.0,5.7,0.345,3.7,7.9,0.464,0.486,3.5,4.3,0.811,0.7,2.9,3.5,4.0,0.9,0.3,2.6,1.6,16.7,,Jordan Clarkson
75.0,Bennedict Mathurin,22.0,IND,SG,35.0,30.0,32.9,5.7,12.4,0.462,1.5,4.0,0.367,4.3,8.4,0.507,0.521,3.8,4.6,0.831,1.3,4.8,6.1,1.8,0.7,0.4,2.1,2.6,16.7,,Bennedict Mathurin
76.0,OG Anunoby,27.0,NYK,PF,35.0,35.0,36.6,6.3,13.2,0.478,2.1,6.0,0.354,4.2,7.2,0.581,0.558,1.9,2.4,0.795,1.2,3.8,4.9,2.0,1.5,1.0,1.3,2.5,16.6,,OG Anunoby
77.0,Bam Adebayo,27.0,MIA,C,32.0,32.0,34.5,6.3,13.7,0.462,0.7,2.6,0.277,5.6,11.1,0.506,0.489,3.1,4.3,0.725,2.4,7.4,9.8,4.8,1.4,0.8,2.2,2.1,16.5,,Bam Adebayo
78.0,Desmond Bane,26.0,MEM,SG,27.0,26.0,28.8,6.1,13.0,0.469,2.0,5.8,0.353,4.0,7.2,0.562,0.547,2.3,2.7,0.849,0.9,5.1,6.0,5.0,1.1,0.5,2.4,2.6,16.5,,Desmond Bane
79.0,Malik Monk,26.0,SAC,SG,28.0,15.0,30.3,5.8,13.3,0.439,2.4,6.9,0.349,3.4,6.4,0.536,0.53,2.4,2.8,0.883,0.3,3.4,3.6,4.9,0.8,0.5,1.9,2.4,16.5,,Malik Monk
80.0,Chet Holmgren,22.0,OKC,C,10.0,10.0,26.5,5.6,11.1,0.505,1.4,3.7,0.378,4.2,7.4,0.568,0.568,3.8,4.9,0.776,1.6,7.1,8.7,2.0,0.8,2.6,2.3,1.8,16.4,,Chet Holmgren
81.0,Jalen Suggs,23.0,ORL,PG,34.0,34.0,29.0,5.7,13.9,0.41,2.2,7.0,0.312,3.5,6.9,0.508,0.488,2.9,3.1,0.907,0.7,3.4,4.1,3.7,1.5,1.0,2.9,2.7,16.4,,Jalen Suggs
82.0,Andrew Wiggins,29.0,GSW,SF,29.0,29.0,29.0,5.8,12.8,0.449,2.1,5.3,0.403,3.6,7.5,0.482,0.532,2.7,3.4,0.79,1.6,2.9,4.4,2.4,0.8,0.9,1.2,1.7,16.4,,Andrew Wiggins
83.0,Paul George,34.0,PHI,PF,22.0,22.0,31.9,5.9,13.9,0.422,2.1,6.2,0.336,3.8,7.7,0.491,0.497,2.5,3.0,0.806,0.8,4.7,5.5,4.5,1.8,0.5,2.7,2.5,16.3,,Paul George
84.0,Dennis Schröder,31.0,2TM,PG,31.0,31.0,32.0,5.6,13.2,0.426,2.2,6.1,0.362,3.4,7.1,0.482,0.51,2.8,3.2,0.879,0.3,2.5,2.8,6.0,1.0,0.2,2.5,2.5,16.2,,Dennis Schröder
84.0,Dennis Schröder,31.0,BRK,PG,23.0,23.0,33.6,6.4,14.1,0.452,2.5,6.5,0.387,3.9,7.6,0.509,0.542,3.1,3.5,0.889,0.2,2.8,3.0,6.6,1.1,0.2,2.6,2.4,18.4,,Dennis Schröder
84.0,Dennis Schröder,31.0,GSW,PG,8.0,8.0,27.6,3.4,10.4,0.325,1.3,4.8,0.263,2.1,5.6,0.378,0.386,1.9,2.3,0.833,0.5,1.8,2.3,4.1,0.6,0.1,2.1,2.8,9.9,,Dennis Schröder
85.0,Malik Beasley,28.0,DET,SG,34.0,8.0,28.1,5.6,13.4,0.423,3.7,9.2,0.403,1.9,4.1,0.468,0.562,1.1,1.5,0.725,0.6,2.5,3.1,1.9,0.8,0.1,1.1,1.3,16.1,,Malik Beasley
86.0,Keyonte George,21.0,UTA,PG,27.0,27.0,31.7,5.3,13.5,0.395,2.7,7.6,0.35,2.7,5.9,0.453,0.493,2.5,3.1,0.798,0.4,2.8,3.3,5.7,0.7,0.2,3.3,1.7,15.8,,Keyonte George
87.0,Payton Pritchard,27.0,BOS,PG,35.0,0.0,28.6,5.4,11.3,0.477,3.7,8.5,0.428,1.7,2.7,0.632,0.64,1.2,1.4,0.84,1.4,2.4,3.8,3.4,0.9,0.1,1.0,1.7,15.6,,Payton Pritchard
88.0,Immanuel Quickley,25.0,TOR,PG,5.0,5.0,26.6,5.4,15.0,0.36,2.0,6.4,0.313,3.4,8.6,0.395,0.427,2.8,3.0,0.933,0.2,2.6,2.8,7.6,0.4,0.0,1.6,2.2,15.6,,Immanuel Quickley
89.0,Dejounte Murray,28.0,NOP,PG,18.0,18.0,33.6,5.8,15.8,0.365,1.3,5.1,0.25,4.5,10.7,0.42,0.405,2.7,3.2,0.842,0.4,5.9,6.4,7.7,2.4,0.5,3.9,2.3,15.5,,Dejounte Murray
90.0,Devin Vassell,24.0,SAS,SG,19.0,8.0,28.1,5.8,12.9,0.447,2.1,5.6,0.364,3.7,7.3,0.511,0.526,1.8,2.4,0.778,0.7,2.5,3.2,3.0,1.2,0.4,1.4,1.8,15.5,,Devin Vassell
91.0,Jakob Poeltl,29.0,TOR,C,30.0,29.0,32.0,6.6,10.9,0.604,0.0,0.1,0.0,6.6,10.8,0.608,0.604,2.2,3.2,0.691,3.8,6.9,10.7,2.6,1.2,1.3,2.1,3.5,15.4,,Jakob Poeltl
92.0,Jared McCain,20.0,PHI,SG,23.0,8.0,25.7,5.5,11.9,0.46,2.2,5.8,0.383,3.3,6.1,0.532,0.553,2.1,2.4,0.875,0.6,1.9,2.4,2.6,0.7,0.0,1.6,1.6,15.3,,Jared McCain
93.0,Myles Turner,28.0,IND,C,33.0,33.0,31.4,5.5,11.3,0.489,1.9,4.9,0.393,3.6,6.3,0.565,0.575,2.2,3.0,0.724,1.4,5.7,7.1,1.6,0.8,2.0,2.2,2.9,15.1,,Myles Turner
94.0,Jerami Grant,30.0,POR,PF,29.0,29.0,32.7,4.9,12.7,0.382,2.4,6.4,0.382,2.4,6.3,0.383,0.478,2.8,3.4,0.82,0.5,3.1,3.6,2.3,0.9,1.0,1.4,2.3,15.0,,Jerami Grant
95.0,Ivica Zubac,27.0,LAC,C,34.0,34.0,32.1,6.7,11.1,0.609,0.0,0.0,,6.7,11.1,0.609,0.609,1.5,2.9,0.51,3.9,8.5,12.4,2.5,0.7,1.0,1.8,2.0,14.9,,Ivica Zubac
96.0,Fred VanVleet,30.0,HOU,PG,32.0,32.0,35.2,5.2,13.8,0.376,2.5,7.7,0.32,2.7,6.1,0.446,0.465,2.0,2.4,0.808,0.8,3.7,4.5,5.9,1.5,0.5,1.5,2.4,14.8,,Fred VanVleet
97.0,Josh Hart,29.0,NYK,SG,34.0,34.0,37.5,5.5,9.7,0.571,1.4,3.6,0.382,4.1,6.1,0.684,0.643,2.1,2.7,0.802,1.8,6.9,8.7,5.6,1.4,0.4,2.0,2.5,14.6,,Josh Hart
98.0,Kyle Kuzma,29.0,WAS,PF,15.0,13.0,26.7,5.9,13.4,0.443,1.1,4.1,0.258,4.9,9.3,0.525,0.483,1.6,2.6,0.615,0.7,4.7,5.4,2.1,0.5,0.2,2.2,1.9,14.5,,Kyle Kuzma
99.0,Malcolm Brogdon,32.0,WAS,PG,17.0,12.0,25.5,4.9,11.0,0.449,0.9,2.7,0.326,4.1,8.3,0.489,0.489,3.6,4.1,0.886,1.0,3.1,4.1,3.9,0.6,0.3,1.8,1.5,14.4,,Malcolm Brogdon
100.0,Deandre Ayton,26.0,POR,C,24.0,24.0,30.1,6.7,11.7,0.569,0.3,1.1,0.231,6.4,10.6,0.604,0.58,0.8,1.2,0.643,2.9,7.1,10.0,1.4,0.9,1.0,1.8,2.4,14.3,,Deandre Ayton
101.0,Klay Thompson,34.0,DAL,SF,30.0,30.0,27.8,5.1,12.2,0.416,3.1,8.0,0.385,2.0,4.2,0.476,0.542,1.0,1.1,0.909,0.6,2.9,3.5,1.9,1.0,0.4,1.3,1.4,14.2,,Klay Thompson
102.0,Christian Braun,23.0,DEN,SG,32.0,32.0,34.0,5.4,9.7,0.557,0.9,2.6,0.361,4.4,7.1,0.628,0.605,2.4,3.0,0.8,1.2,3.7,4.8,2.2,1.2,0.6,1.1,2.3,14.1,,Christian Braun
103.0,Tre Mann,23.0,CHO,PG,13.0,0.0,24.5,5.4,12.4,0.435,1.8,4.6,0.4,3.5,7.8,0.455,0.509,1.5,1.6,0.905,0.9,2.0,2.9,3.0,0.5,0.3,1.9,1.8,14.1,,Tre Mann
104.0,Bobby Portis,29.0,MIL,PF,31.0,5.0,25.5,5.8,12.3,0.471,1.4,3.6,0.381,4.4,8.6,0.509,0.528,1.2,1.5,0.8,1.8,6.2,8.1,2.2,0.7,0.6,1.3,1.7,14.1,,Bobby Portis
105.0,Dillon Brooks,29.0,HOU,SF,31.0,31.0,32.1,5.0,11.9,0.423,2.4,6.1,0.384,2.7,5.8,0.464,0.522,1.5,1.8,0.873,1.3,2.7,4.0,1.5,0.7,0.3,1.1,3.4,14.0,,Dillon Brooks
106.0,Jeremy Sochan,21.0,SAS,PF,20.0,17.0,29.3,5.5,10.4,0.524,0.5,1.7,0.265,5.0,8.7,0.575,0.546,2.6,3.5,0.729,2.7,5.6,8.3,2.8,0.9,0.7,1.9,2.5,13.9,,Jeremy Sochan
107.0,Aaron Gordon,29.0,DEN,PF,17.0,16.0,28.8,4.8,9.1,0.523,1.3,2.9,0.44,3.5,6.2,0.562,0.594,2.9,3.8,0.754,1.9,3.9,5.8,3.1,0.5,0.2,1.4,1.8,13.7,,Aaron Gordon
108.0,Jarrett Allen,26.0,CLE,C,34.0,34.0,29.0,5.6,8.1,0.688,0.0,0.0,0.0,5.6,8.1,0.691,0.688,2.4,3.3,0.732,2.3,7.7,10.1,1.8,1.0,0.9,1.1,1.4,13.6,,Jarrett Allen
109.0,Deni Avdija,24.0,POR,SF,33.0,15.0,27.1,4.5,9.8,0.455,1.4,4.0,0.359,3.0,5.8,0.521,0.528,3.2,4.1,0.793,1.3,4.6,5.9,3.2,0.9,0.7,2.3,2.2,13.6,,Deni Avdija
110.0,Khris Middleton,33.0,MIL,SF,11.0,6.0,23.6,4.9,10.7,0.458,1.7,4.0,0.432,3.2,6.7,0.473,0.538,2.1,2.5,0.852,0.4,3.8,4.2,5.2,0.9,0.2,2.4,2.6,13.6,,Khris Middleton
111.0,Tobias Harris,32.0,DET,PF,32.0,32.0,31.8,5.0,11.2,0.444,1.4,4.2,0.343,3.5,7.0,0.504,0.508,1.8,2.2,0.843,1.1,5.4,6.5,2.3,0.8,0.9,1.1,2.0,13.2,,Tobias Harris
112.0,Santi Aldama,24.0,MEM,PF,31.0,11.0,25.7,5.1,10.0,0.508,1.7,4.5,0.388,3.4,5.5,0.605,0.595,1.1,1.4,0.767,1.5,5.7,7.3,3.0,0.9,0.5,1.2,1.0,13.0,,Santi Aldama
113.0,Dyson Daniels,21.0,ATL,SG,31.0,31.0,33.4,5.4,12.2,0.446,1.2,3.9,0.311,4.2,8.2,0.51,0.496,0.8,1.4,0.591,1.6,3.4,5.0,3.6,3.2,0.8,1.8,2.4,12.9,,Dyson Daniels
114.0,Moritz Wagner,27.0,ORL,C,30.0,1.0,18.8,4.7,8.3,0.562,0.9,2.5,0.36,3.8,5.8,0.649,0.616,2.6,3.7,0.718,1.3,3.6,4.9,1.4,0.8,0.4,1.6,1.8,12.9,,Moritz Wagner
115.0,Bilal Coulibaly,20.0,WAS,SF,29.0,29.0,33.8,4.6,10.8,0.426,1.1,3.8,0.297,3.4,6.9,0.498,0.479,2.5,3.2,0.785,1.3,4.1,5.5,3.6,1.4,0.8,2.0,2.4,12.8,,Bilal Coulibaly
116.0,Kelly Oubre Jr.,29.0,PHI,SF,30.0,27.0,32.4,4.9,10.8,0.455,1.2,4.3,0.287,3.7,6.5,0.567,0.512,1.7,2.4,0.722,1.6,4.1,5.7,1.5,1.4,0.5,1.3,2.8,12.8,,Kelly Oubre Jr.
117.0,D'Angelo Russell,28.0,2TM,PG,31.0,11.0,26.4,4.5,10.8,0.421,1.9,5.7,0.326,2.7,5.1,0.529,0.507,1.7,1.9,0.867,0.3,2.5,2.7,5.0,0.8,0.2,1.7,1.9,12.6,,D'Angelo Russell
117.0,D'Angelo Russell,28.0,LAL,PG,29.0,10.0,26.3,4.4,10.7,0.415,1.9,5.8,0.333,2.5,4.9,0.51,0.505,1.6,1.8,0.849,0.3,2.5,2.8,4.7,0.8,0.1,1.7,1.8,12.4,,D'Angelo Russell
117.0,D'Angelo Russell,28.0,BRK,PG,2.0,1.0,27.0,6.0,12.0,0.5,1.0,5.0,0.2,5.0,7.0,0.714,0.542,3.5,3.5,1.0,0.0,2.5,2.5,10.0,1.5,1.0,2.0,2.5,16.5,,D'Angelo Russell
118.0,Ayo Dosunmu,25.0,CHI,SG,30.0,17.0,30.8,4.9,10.0,0.49,1.3,4.2,0.32,3.6,5.8,0.611,0.557,1.4,1.8,0.796,0.6,3.3,3.9,4.8,0.8,0.5,1.3,2.3,12.6,,Ayo Dosunmu
119.0,Tyus Jones,28.0,PHO,PG,32.0,32.0,31.3,4.8,9.7,0.492,2.3,5.3,0.435,2.5,4.5,0.559,0.609,0.8,0.9,0.857,0.6,2.1,2.6,6.3,1.0,0.2,1.3,1.1,12.6,,Tyus Jones
120.0,Naz Reid,25.0,MIN,C,33.0,0.0,24.7,4.7,10.2,0.463,1.8,4.9,0.356,2.9,5.2,0.564,0.549,1.5,1.8,0.831,0.8,4.2,5.0,1.7,0.7,0.8,1.3,2.4,12.6,,Naz Reid
121.0,P.J. Washington,26.0,DAL,PF,28.0,27.0,31.9,4.6,10.5,0.437,1.6,4.1,0.379,3.0,6.3,0.475,0.512,1.9,2.5,0.746,1.4,6.0,7.4,2.1,1.1,1.1,1.7,2.0,12.6,,P.J. Washington
122.0,Mark Williams,23.0,CHO,C,11.0,8.0,19.2,5.2,8.0,0.648,0.0,0.1,0.0,5.2,7.9,0.655,0.648,2.2,2.8,0.774,2.4,5.0,7.4,2.0,0.5,1.0,0.8,2.1,12.5,,Mark Williams
123.0,Buddy Hield,32.0,GSW,SG,33.0,6.0,22.8,4.4,10.3,0.425,2.8,7.1,0.389,1.6,3.2,0.505,0.559,0.7,0.8,0.923,0.6,2.7,3.3,1.2,0.8,0.3,1.2,1.9,12.3,,Buddy Hield
124.0,Jrue Holiday,34.0,BOS,PG,29.0,29.0,30.6,4.5,9.8,0.456,1.9,5.4,0.348,2.6,4.4,0.591,0.553,1.4,1.6,0.894,1.1,3.0,4.1,3.8,1.0,0.4,1.4,1.4,12.3,,Jrue Holiday
125.0,Keldon Johnson,25.0,SAS,SF,31.0,0.0,24.6,4.6,10.2,0.454,1.1,3.8,0.28,3.5,6.4,0.558,0.506,2.0,2.6,0.763,1.1,3.9,5.0,1.5,0.7,0.2,0.8,1.5,12.3,,Keldon Johnson
126.0,Isaiah Hartenstein,26.0,OKC,C,19.0,18.0,29.8,5.2,9.0,0.573,0.0,0.4,0.0,5.2,8.6,0.601,0.573,1.8,2.8,0.66,2.7,9.6,12.3,4.1,0.8,1.3,1.8,2.9,12.2,,Isaiah Hartenstein
127.0,Brook Lopez,36.0,MIL,C,32.0,32.0,32.1,4.7,9.5,0.493,1.8,5.0,0.369,2.8,4.5,0.632,0.59,1.0,1.3,0.744,1.2,3.6,4.8,1.6,0.9,1.9,1.1,2.2,12.2,,Brook Lopez
128.0,Terry Rozier,30.0,MIA,PG,28.0,13.0,28.7,4.4,10.9,0.401,1.6,5.2,0.315,2.7,5.6,0.481,0.477,1.8,2.0,0.895,0.7,3.4,4.1,2.9,0.6,0.4,1.5,1.5,12.2,,Terry Rozier
129.0,Julian Champagnie,23.0,SAS,SF,34.0,26.0,27.9,4.2,9.7,0.433,2.6,7.0,0.372,1.6,2.7,0.593,0.568,1.1,1.2,0.905,0.8,3.9,4.7,1.3,0.8,0.6,1.1,1.6,12.1,,Julian Champagnie
130.0,Josh Giddey,22.0,CHI,PG,30.0,30.0,27.3,4.6,10.3,0.447,1.2,3.9,0.308,3.4,6.4,0.531,0.505,1.7,2.3,0.729,1.4,5.4,6.9,6.8,1.0,0.5,2.7,1.4,12.1,,Josh Giddey
131.0,Rui Hachimura,26.0,LAL,PF,29.0,29.0,32.7,4.5,9.3,0.48,1.5,3.6,0.417,3.0,5.8,0.518,0.559,1.7,2.0,0.814,1.7,3.7,5.4,1.6,0.9,0.7,1.0,2.0,12.1,,Rui Hachimura
132.0,Russell Westbrook,36.0,DEN,PG,33.0,12.0,26.5,4.5,9.8,0.457,1.1,3.4,0.319,3.4,6.4,0.531,0.512,2.1,3.3,0.63,1.1,3.5,4.5,6.7,1.7,0.5,2.7,2.6,12.1,,Russell Westbrook
133.0,Daniel Gafford,26.0,DAL,C,34.0,15.0,20.5,4.9,6.8,0.719,0.0,0.0,,4.9,6.8,0.719,0.719,2.1,3.1,0.676,2.5,3.7,6.2,1.2,0.5,1.4,1.1,2.6,11.9,,Daniel Gafford
134.0,Alex Sarr,19.0,WAS,C,29.0,29.0,27.2,4.5,10.9,0.413,1.4,4.5,0.315,3.1,6.4,0.481,0.478,1.5,2.3,0.652,1.9,4.4,6.3,2.3,0.7,1.7,1.6,2.8,11.9,,Alex Sarr
135.0,Jabari Smith Jr.,21.0,HOU,PF,33.0,33.0,30.9,4.1,9.5,0.435,1.7,4.8,0.354,2.4,4.7,0.516,0.524,2.0,2.3,0.867,1.8,4.7,6.5,1.0,0.4,1.0,0.9,2.3,11.9,,Jabari Smith Jr.
136.0,Amen Thompson,22.0,HOU,SF,32.0,5.0,27.8,4.6,8.3,0.556,0.3,1.3,0.262,4.3,7.0,0.612,0.577,2.3,3.4,0.694,2.5,4.6,7.1,2.2,1.1,1.1,1.8,2.3,11.9,,Amen Thompson
137.0,Caris LeVert,30.0,CLE,SF,28.0,0.0,23.9,4.1,8.2,0.504,1.8,4.0,0.459,2.3,4.3,0.546,0.615,1.7,2.5,0.671,0.5,2.3,2.7,3.7,1.0,0.5,1.3,1.3,11.8,,Caris LeVert
138.0,Jonas Valančiūnas,32.0,WAS,C,32.0,7.0,20.0,4.9,8.8,0.553,0.1,0.6,0.158,4.8,8.2,0.582,0.559,2.0,2.2,0.901,2.3,5.7,8.1,2.4,0.5,0.8,1.8,1.8,11.8,,Jonas Valančiūnas
139.0,Jaylen Wells,21.0,MEM,SG,35.0,30.0,25.3,4.3,9.4,0.453,2.0,5.0,0.394,2.3,4.4,0.519,0.558,1.3,1.6,0.807,1.1,2.2,3.3,1.7,0.5,0.1,1.2,1.8,11.8,,Jaylen Wells
140.0,Brandon Boston Jr.,23.0,NOP,SG,32.0,10.0,25.2,4.3,9.6,0.454,1.2,3.5,0.348,3.1,6.1,0.515,0.518,1.7,2.1,0.821,0.6,2.8,3.4,2.7,1.4,0.3,1.3,1.8,11.6,,Brandon Boston Jr.
141.0,Keegan Murray,24.0,SAC,PF,32.0,32.0,35.5,4.5,10.9,0.413,1.6,5.5,0.286,2.9,5.4,0.54,0.484,1.1,1.2,0.872,2.2,5.2,7.4,1.4,0.7,0.8,1.0,2.9,11.6,,Keegan Murray
142.0,Onyeka Okongwu,24.0,ATL,C,28.0,0.0,23.6,4.5,8.2,0.555,0.4,1.6,0.239,4.1,6.5,0.634,0.579,2.0,2.6,0.767,2.6,4.1,6.7,1.4,0.7,0.7,0.8,2.3,11.5,,Onyeka Okongwu
143.0,Tari Eason,23.0,HOU,PF,24.0,0.0,22.8,4.4,9.2,0.475,1.0,3.0,0.315,3.4,6.2,0.554,0.527,1.5,2.0,0.755,2.1,4.2,6.3,1.0,1.9,1.0,0.8,2.5,11.3,,Tari Eason
144.0,Scoot Henderson,20.0,POR,PG,26.0,3.0,26.0,4.0,9.9,0.403,1.1,3.5,0.308,2.9,6.4,0.455,0.457,2.2,3.0,0.753,0.7,2.2,2.8,5.2,1.2,0.3,2.7,2.8,11.3,,Scoot Henderson
145.0,Corey Kispert,25.0,WAS,SF,27.0,0.0,26.8,4.1,9.4,0.441,2.0,5.7,0.348,2.1,3.7,0.586,0.547,1.0,1.2,0.844,0.5,2.7,3.1,1.6,0.5,0.2,1.1,1.7,11.3,,Corey Kispert
146.0,Ochai Agbaji,24.0,TOR,SG,35.0,33.0,30.2,4.5,8.8,0.508,1.7,4.1,0.415,2.8,4.8,0.587,0.604,0.5,0.8,0.679,0.9,2.9,3.9,1.8,0.8,0.5,0.9,2.3,11.2,,Ochai Agbaji
147.0,Jordan Hawkins,22.0,NOP,SG,19.0,3.0,24.1,3.6,10.3,0.352,1.9,5.8,0.324,1.7,4.5,0.388,0.444,2.0,2.3,0.864,0.4,2.6,2.9,1.1,0.4,0.6,0.9,0.8,11.2,,Jordan Hawkins
148.0,Duncan Robinson,30.0,MIA,SF,30.0,19.0,23.4,4.0,9.5,0.421,2.5,6.6,0.382,1.5,2.9,0.512,0.554,0.6,0.7,0.864,0.3,2.0,2.4,2.6,0.5,0.1,0.9,2.1,11.2,,Duncan Robinson
149.0,Zach Edey,22.0,MEM,C,21.0,14.0,21.9,4.6,7.8,0.591,0.4,1.0,0.409,4.2,6.8,0.62,0.619,1.5,2.3,0.633,3.7,4.3,8.0,1.0,0.8,1.1,1.6,2.9,11.1,,Zach Edey
150.0,Bogdan Bogdanović,32.0,ATL,SG,15.0,0.0,25.3,3.7,9.3,0.403,2.1,6.2,0.333,1.7,3.1,0.543,0.514,1.3,1.4,0.952,0.6,2.5,3.1,2.3,1.0,0.3,1.7,2.5,10.9,,Bogdan Bogdanović
151.0,Stephon Castle,20.0,SAS,PG,33.0,18.0,25.1,3.8,9.9,0.388,1.0,3.7,0.26,2.9,6.2,0.466,0.437,2.2,3.2,0.712,0.6,1.9,2.5,3.6,0.8,0.3,1.8,1.7,10.9,,Stephon Castle
152.0,Justin Champagnie,23.0,WAS,SF,15.0,12.0,25.7,4.4,7.9,0.559,1.5,3.7,0.4,2.9,4.2,0.698,0.653,0.7,1.1,0.588,2.2,4.5,6.7,1.1,1.3,0.8,1.3,2.5,10.9,,Justin Champagnie
153.0,Naji Marshall,27.0,DAL,SF,26.0,8.0,23.2,4.3,8.2,0.528,0.8,2.4,0.317,3.6,5.8,0.616,0.575,1.4,1.6,0.881,0.9,2.3,3.3,2.2,0.8,0.1,1.3,1.4,10.9,,Naji Marshall
154.0,Herbert Jones,26.0,NOP,SF,17.0,17.0,33.0,4.0,8.9,0.447,1.1,3.6,0.306,2.9,5.3,0.544,0.51,1.7,2.1,0.806,1.3,2.7,4.0,3.4,1.9,0.4,1.8,3.5,10.8,,Herbert Jones
155.0,T.J. McConnell,32.0,IND,PG,34.0,0.0,19.6,4.9,8.9,0.551,0.2,0.7,0.292,4.7,8.2,0.573,0.563,0.8,1.1,0.703,0.6,1.9,2.6,4.3,1.2,0.3,1.6,1.0,10.8,,T.J. McConnell
156.0,Andrew Nembhard,25.0,IND,SG,20.0,20.0,27.1,4.0,8.7,0.462,0.8,2.4,0.333,3.2,6.3,0.512,0.509,1.9,2.1,0.881,0.5,2.7,3.2,4.9,0.8,0.2,1.8,1.9,10.7,,Andrew Nembhard
157.0,Scotty Pippen Jr.,24.0,MEM,PG,35.0,14.0,22.5,4.0,8.5,0.473,1.1,3.1,0.367,2.9,5.4,0.534,0.54,1.5,2.2,0.701,0.7,2.7,3.4,5.0,1.1,0.4,2.2,2.5,10.7,,Scotty Pippen Jr.
158.0,Zaccharie Risacher,19.0,ATL,SF,35.0,33.0,23.9,4.0,9.9,0.402,1.2,4.3,0.28,2.8,5.7,0.495,0.463,1.5,2.2,0.701,1.3,2.1,3.4,1.2,0.8,0.6,1.2,2.1,10.7,,Zaccharie Risacher
159.0,Harrison Barnes,32.0,SAS,PF,34.0,34.0,27.8,3.6,7.4,0.478,1.4,3.4,0.414,2.1,4.0,0.533,0.573,2.1,2.6,0.798,1.5,2.3,3.9,1.5,0.3,0.2,0.7,0.8,10.6,,Harrison Barnes
160.0,Amir Coffey,27.0,LAC,SG,33.0,9.0,24.9,3.7,7.4,0.502,1.7,3.8,0.449,2.0,3.6,0.559,0.618,1.3,1.6,0.846,0.5,2.1,2.6,1.2,0.5,0.1,0.8,1.6,10.5,,Amir Coffey
161.0,Royce O'Neale,31.0,PHO,SF,31.0,9.0,26.4,3.7,8.3,0.447,2.5,5.7,0.441,1.2,2.6,0.463,0.599,0.5,0.7,0.762,1.0,4.6,5.6,2.4,1.0,0.6,1.0,2.3,10.5,,Royce O'Neale
162.0,Grayson Allen,29.0,PHO,SG,23.0,1.0,23.9,3.2,8.0,0.404,2.2,5.8,0.376,1.0,2.2,0.48,0.541,1.8,2.2,0.84,0.7,2.5,3.2,1.8,0.9,0.3,1.0,1.5,10.4,,Grayson Allen
163.0,Grant Williams,26.0,CHO,PF,16.0,7.0,29.9,3.4,7.7,0.439,1.7,4.6,0.365,1.7,3.1,0.551,0.549,1.9,2.3,0.838,1.1,4.0,5.1,2.3,1.1,0.8,1.8,2.9,10.4,,Grant Williams
164.0,Jose Alvarado,26.0,NOP,PG,12.0,7.0,25.1,3.5,8.9,0.393,2.1,5.3,0.391,1.4,3.6,0.395,0.509,1.2,1.4,0.824,0.6,1.6,2.2,4.3,1.7,0.3,1.2,2.3,10.3,,Jose Alvarado
165.0,Rudy Gobert,32.0,MIN,C,33.0,33.0,33.5,3.9,6.2,0.631,0.0,0.0,,3.9,6.2,0.631,0.631,2.4,3.4,0.714,3.4,7.1,10.5,1.7,0.7,1.4,1.5,2.6,10.3,,Rudy Gobert
166.0,De'Anthony Melton,26.0,GSW,SG,6.0,2.0,20.2,3.7,9.0,0.407,2.2,5.8,0.371,1.5,3.2,0.474,0.528,0.8,1.3,0.625,1.0,2.3,3.3,2.8,1.2,0.3,1.7,3.0,10.3,,De'Anthony Melton
167.0,Obi Toppin,26.0,IND,PF,32.0,0.0,19.7,4.0,7.3,0.551,1.3,3.5,0.36,2.8,3.8,0.724,0.637,1.0,1.3,0.825,0.7,3.4,4.1,1.7,0.8,0.4,0.7,1.5,10.3,,Obi Toppin
168.0,Walker Kessler,23.0,UTA,C,26.0,26.0,29.8,4.4,6.3,0.706,0.1,0.2,0.5,4.3,6.1,0.711,0.712,1.3,2.5,0.523,3.9,7.0,10.9,1.8,0.5,2.7,1.5,2.3,10.2,,Walker Kessler
169.0,Patrick Williams,23.0,CHI,PF,24.0,23.0,27.0,3.5,8.9,0.399,1.9,4.9,0.381,1.7,4.0,0.421,0.505,1.2,1.4,0.879,0.8,3.5,4.3,2.2,0.9,0.5,1.5,1.3,10.2,,Patrick Williams
170.0,Quentin Grimes,24.0,DAL,SG,33.0,11.0,22.2,3.5,7.3,0.477,1.6,4.0,0.406,1.8,3.3,0.565,0.589,1.5,1.9,0.762,0.8,3.2,4.0,1.8,0.6,0.3,1.2,1.6,10.1,,Quentin Grimes
171.0,Tim Hardaway Jr.,32.0,DET,SG,31.0,31.0,27.6,3.3,8.1,0.412,1.9,5.4,0.353,1.4,2.7,0.53,0.53,1.5,1.8,0.842,0.2,1.8,2.0,1.6,0.4,0.0,0.7,1.4,10.1,,Tim Hardaway Jr.
172.0,Ty Jerome,27.0,CLE,SG,33.0,2.0,17.6,3.7,7.4,0.498,1.4,3.3,0.417,2.3,4.1,0.563,0.591,1.4,1.5,0.9,0.6,1.5,2.2,3.5,1.1,0.0,1.1,1.5,10.1,,Ty Jerome
173.0,Donte DiVincenzo,28.0,MIN,SG,33.0,2.0,25.5,3.4,8.6,0.389,2.4,6.6,0.359,1.0,2.1,0.485,0.526,0.9,1.1,0.833,0.4,3.0,3.4,3.4,1.1,0.2,1.6,1.6,10.0,,Donte DiVincenzo
174.0,Dalton Knecht,23.0,LAL,SF,34.0,12.0,22.3,3.7,7.9,0.466,1.7,4.7,0.358,2.0,3.2,0.624,0.573,0.9,1.2,0.8,0.7,2.8,3.4,1.1,0.4,0.1,0.6,1.4,10.0,,Dalton Knecht
175.0,Goga Bitadze,25.0,ORL,C,31.0,28.0,24.8,4.1,6.5,0.631,0.0,0.5,0.063,4.1,6.0,0.679,0.633,1.6,2.3,0.714,3.0,5.5,8.5,2.4,0.9,1.6,1.5,2.5,9.9,,Goga Bitadze
176.0,Chris Boucher,32.0,TOR,PF,31.0,0.0,17.5,3.5,7.6,0.46,1.2,3.8,0.308,2.4,3.9,0.608,0.536,1.7,2.2,0.794,1.3,2.9,4.2,0.7,0.6,0.6,0.7,1.4,9.9,,Chris Boucher
177.0,Nic Claxton,25.0,BRK,C,28.0,20.0,26.0,4.3,7.5,0.567,0.0,0.3,0.111,4.2,7.2,0.587,0.569,1.4,2.5,0.543,1.9,5.8,7.6,2.0,0.9,1.1,1.3,2.2,9.9,,Nic Claxton
178.0,Jaden McDaniels,24.0,MIN,PF,33.0,33.0,29.8,3.9,9.1,0.435,1.2,3.8,0.315,2.7,5.2,0.523,0.502,0.8,1.1,0.722,1.5,3.2,4.7,1.6,1.3,0.7,1.2,3.0,9.9,,Jaden McDaniels
179.0,Luguentz Dort,25.0,OKC,SF,33.0,33.0,29.4,3.3,8.2,0.404,2.2,5.6,0.4,1.1,2.6,0.414,0.54,0.8,1.1,0.8,1.5,3.0,4.5,1.6,1.2,0.7,0.5,3.2,9.8,,Luguentz Dort
180.0,Derrick Jones Jr.,27.0,LAC,SF,32.0,32.0,24.7,3.9,7.8,0.496,1.1,2.9,0.366,2.8,4.9,0.573,0.564,1.0,1.1,0.861,1.2,2.2,3.4,0.9,1.3,0.3,1.0,2.0,9.8,,Derrick Jones Jr.
181.0,Miles McBride,24.0,NYK,PG,28.0,0.0,24.5,3.4,8.1,0.425,1.9,4.7,0.402,1.5,3.4,0.457,0.542,1.0,1.3,0.8,0.8,1.9,2.6,3.0,0.9,0.2,0.9,1.6,9.8,,Miles McBride
182.0,Guerschon Yabusele,29.0,PHI,PF,32.0,11.0,24.1,3.6,7.0,0.507,1.5,3.7,0.395,2.1,3.3,0.632,0.611,1.3,1.8,0.678,1.6,3.5,5.1,1.8,0.7,0.4,1.3,2.5,9.8,,Guerschon Yabusele
183.0,Dorian Finney-Smith,31.0,2TM,PF,23.0,20.0,28.1,3.4,7.6,0.448,2.2,5.1,0.427,1.2,2.5,0.491,0.592,0.7,1.0,0.625,1.7,2.8,4.4,1.5,0.8,0.5,0.8,2.8,9.6,,Dorian Finney-Smith
183.0,Dorian Finney-Smith,31.0,BRK,PF,20.0,20.0,29.0,3.7,8.0,0.459,2.4,5.4,0.435,1.3,2.6,0.51,0.607,0.8,1.2,0.625,1.6,3.0,4.6,1.6,0.9,0.6,0.9,2.7,10.4,,Dorian Finney-Smith
183.0,Dorian Finney-Smith,31.0,LAL,PF,3.0,0.0,22.7,1.7,5.0,0.333,1.0,3.0,0.333,0.7,2.0,0.333,0.433,0.0,0.0,,2.3,1.3,3.7,1.3,0.3,0.0,0.3,3.3,4.3,,Dorian Finney-Smith
184.0,Jalen Duren,21.0,DET,C,31.0,31.0,24.9,4.0,5.7,0.695,0.0,0.0,,4.0,5.7,0.695,0.695,1.6,2.7,0.607,3.2,6.2,9.4,2.2,0.5,1.2,1.9,3.2,9.6,,Jalen Duren
185.0,Kevin Porter Jr.,24.0,LAC,SG,30.0,1.0,20.0,3.9,9.6,0.404,0.6,2.6,0.241,3.2,6.9,0.466,0.437,1.3,1.9,0.655,0.7,2.9,3.6,3.1,0.9,0.3,2.2,1.7,9.6,,Kevin Porter Jr.
186.0,Gary Trent Jr.,26.0,MIL,SG,30.0,7.0,24.9,3.3,7.9,0.418,2.1,5.1,0.405,1.2,2.8,0.44,0.549,0.9,1.0,0.9,0.2,2.0,2.2,0.9,1.0,0.0,0.7,2.0,9.6,,Gary Trent Jr.
187.0,Larry Nance Jr.,32.0,ATL,PF,15.0,2.0,19.4,3.7,6.3,0.585,1.7,3.3,0.52,1.9,2.9,0.659,0.723,0.5,0.5,0.875,1.1,3.2,4.3,1.6,1.1,0.7,0.7,1.5,9.5,,Larry Nance Jr.
188.0,Clint Capela,30.0,ATL,C,35.0,35.0,22.9,4.2,7.3,0.576,0.0,0.0,,4.2,7.3,0.576,0.576,1.0,1.9,0.523,3.3,5.7,9.0,1.3,0.6,0.9,0.9,2.0,9.4,,Clint Capela
189.0,Yves Missi,20.0,NOP,C,34.0,28.0,27.2,3.8,6.7,0.561,0.0,0.0,0.0,3.8,6.7,0.564,0.561,1.9,2.9,0.64,3.9,4.6,8.5,1.5,0.6,1.4,1.2,2.3,9.4,,Yves Missi
190.0,Chris Paul,39.0,SAS,PG,34.0,34.0,28.9,3.1,7.5,0.414,1.7,4.8,0.35,1.4,2.7,0.527,0.525,1.4,1.5,0.98,0.5,3.9,4.4,8.4,1.5,0.2,1.7,1.8,9.4,,Chris Paul
191.0,Nick Richards,27.0,CHO,C,18.0,9.0,21.6,3.2,5.7,0.569,0.0,0.1,0.0,3.2,5.6,0.574,0.569,2.9,4.4,0.658,2.3,5.3,7.6,1.4,0.3,1.3,1.7,2.6,9.3,,Nick Richards
192.0,Jalen Wilson,24.0,BRK,PF,33.0,8.0,26.8,3.1,7.9,0.395,1.4,4.3,0.331,1.7,3.6,0.471,0.485,1.6,1.9,0.855,1.0,2.3,3.3,1.8,0.5,0.0,1.0,2.3,9.3,,Jalen Wilson
193.0,Nickeil Alexander-Walker,26.0,MIN,SG,33.0,2.0,23.1,3.3,6.6,0.502,1.7,3.8,0.448,1.6,2.8,0.574,0.63,0.8,1.1,0.75,0.5,2.3,2.8,2.4,0.8,0.3,1.4,1.6,9.2,,Nickeil Alexander-Walker
194.0,Dalano Banton,25.0,POR,PG,26.0,0.0,16.1,3.3,7.9,0.417,1.2,3.3,0.356,2.1,4.6,0.462,0.493,1.4,2.2,0.661,0.3,1.8,2.2,2.5,0.8,0.5,1.7,1.0,9.2,,Dalano Banton
195.0,Kentavious Caldwell-Pope,31.0,ORL,SG,35.0,35.0,31.1,3.2,7.7,0.414,1.5,4.9,0.308,1.7,2.7,0.604,0.513,1.4,1.5,0.923,0.3,1.7,2.0,2.0,1.7,0.7,0.8,2.0,9.2,,Kentavious Caldwell-Pope
196.0,Aaron Nesmith,25.0,IND,SF,6.0,6.0,22.7,3.2,6.0,0.528,1.0,1.8,0.545,2.2,4.2,0.52,0.611,1.8,2.2,0.846,0.7,3.3,4.0,1.0,0.7,0.3,0.8,4.0,9.2,,Aaron Nesmith
197.0,Marcus Smart,30.0,MEM,PG,18.0,6.0,21.2,2.9,7.9,0.373,1.6,4.8,0.333,1.3,3.1,0.436,0.475,1.7,2.0,0.833,0.8,1.6,2.3,3.8,1.3,0.3,1.9,1.7,9.2,,Marcus Smart
198.0,Aaron Wiggins,26.0,OKC,SG,34.0,10.0,20.1,3.6,7.6,0.465,1.4,3.7,0.392,2.1,4.0,0.533,0.56,0.6,0.7,0.84,0.9,2.4,3.3,1.4,0.9,0.3,0.8,1.1,9.2,,Aaron Wiggins
199.0,Toumani Camara,24.0,POR,PF,32.0,32.0,30.9,3.4,8.0,0.43,1.4,4.2,0.346,2.0,3.8,0.52,0.52,0.8,1.1,0.743,2.3,3.4,5.7,1.9,1.3,0.5,1.4,2.9,9.1,,Toumani Camara
200.0,Spencer Dinwiddie,31.0,DAL,PG,33.0,6.0,22.7,2.7,7.1,0.376,1.3,3.8,0.333,1.4,3.3,0.426,0.466,2.5,2.8,0.871,0.2,1.9,2.2,3.4,0.8,0.2,1.0,1.4,9.1,,Spencer Dinwiddie
201.0,Julian Strawther,22.0,DEN,SG,33.0,0.0,20.9,3.2,7.0,0.461,1.3,3.6,0.367,1.9,3.4,0.563,0.556,1.3,1.5,0.843,0.3,1.8,2.2,1.3,0.7,0.4,0.8,2.4,9.1,,Julian Strawther
202.0,Cam Whitmore,20.0,HOU,SF,16.0,0.0,14.5,3.5,8.1,0.431,0.9,3.6,0.246,2.6,4.6,0.575,0.485,1.3,1.7,0.741,0.7,2.0,2.7,0.6,0.4,0.1,0.7,0.8,9.1,,Cam Whitmore
203.0,Carlton Carrington,19.0,WAS,PG,32.0,23.0,30.0,3.4,8.3,0.41,1.5,4.3,0.345,1.9,4.0,0.48,0.5,0.7,0.8,0.815,0.3,3.9,4.3,4.0,0.8,0.3,1.8,2.9,9.0,,Carlton Carrington
204.0,Tristan Da Silva,23.0,ORL,SF,32.0,25.0,25.5,3.4,7.8,0.434,1.4,3.8,0.358,2.0,4.0,0.508,0.522,0.8,1.1,0.794,1.1,2.6,3.7,1.7,0.4,0.2,1.0,1.6,9.0,,Tristan Da Silva
205.0,Trentyn Flowers,19.0,LAC,SF,1.0,0.0,14.0,4.0,9.0,0.444,0.0,2.0,0.0,4.0,7.0,0.571,0.444,1.0,1.0,1.0,1.0,3.0,4.0,0.0,0.0,0.0,1.0,3.0,9.0,,Trentyn Flowers
206.0,Kevin Huerter,26.0,SAC,SG,31.0,15.0,24.5,3.4,8.2,0.419,1.6,5.4,0.304,1.8,2.7,0.647,0.52,0.5,0.7,0.696,0.5,2.9,3.5,2.0,1.0,0.5,1.0,2.1,9.0,,Kevin Huerter
207.0,Jay Huff,26.0,MEM,C,31.0,1.0,14.9,3.2,6.1,0.519,1.6,3.9,0.413,1.5,2.2,0.706,0.651,1.1,1.4,0.767,0.6,2.0,2.6,0.8,0.3,1.1,0.6,1.7,9.0,,Jay Huff
208.0,Caleb Martin,29.0,PHI,SF,27.0,20.0,30.0,3.2,7.5,0.424,1.1,2.9,0.372,2.1,4.6,0.456,0.495,1.6,2.4,0.646,1.4,2.9,4.3,2.1,1.1,0.5,1.5,1.9,9.0,,Caleb Martin
209.0,Al Horford,38.0,BOS,C,27.0,24.0,27.9,3.2,7.6,0.422,2.0,5.5,0.358,1.3,2.1,0.586,0.551,0.4,0.4,0.833,0.9,4.4,5.3,2.3,0.7,0.9,0.9,1.7,8.8,,Al Horford
210.0,Jusuf Nurkić,30.0,PHO,C,23.0,23.0,24.3,3.0,6.7,0.452,0.7,2.4,0.304,2.3,4.3,0.535,0.506,2.0,2.8,0.692,1.9,7.6,9.5,1.9,1.0,0.7,2.3,3.0,8.8,,Jusuf Nurkić
211.0,Noah Clowney,20.0,BRK,PF,24.0,6.0,20.4,2.9,7.0,0.414,1.9,5.0,0.387,1.0,2.1,0.48,0.55,1.0,1.2,0.793,0.9,2.7,3.6,0.7,0.3,0.5,0.8,2.7,8.7,,Noah Clowney
212.0,Draymond Green,34.0,GSW,PF,29.0,27.0,28.6,3.0,7.1,0.42,1.4,3.8,0.369,1.6,3.3,0.479,0.519,1.3,2.1,0.613,1.0,5.2,6.3,5.7,1.0,1.1,2.5,3.2,8.7,,Draymond Green
213.0,Peyton Watson,22.0,DEN,SF,33.0,12.0,23.9,3.2,6.5,0.486,0.7,2.1,0.343,2.5,4.4,0.555,0.542,1.6,2.0,0.776,0.9,2.2,3.2,1.4,0.8,1.0,0.8,1.9,8.7,,Peyton Watson
214.0,Nikola Jović,21.0,MIA,PF,23.0,9.0,20.9,2.8,6.2,0.448,1.2,3.2,0.378,1.6,3.0,0.522,0.545,1.8,2.2,0.82,0.5,3.2,3.7,2.0,0.8,0.1,0.8,1.4,8.6,,Nikola Jović
215.0,Dereck Lively II,20.0,DAL,C,27.0,20.0,24.1,3.6,5.1,0.698,0.0,0.0,,3.6,5.1,0.698,0.698,1.4,2.3,0.613,3.0,4.8,7.8,2.6,0.6,1.7,1.2,2.9,8.6,,Dereck Lively II
216.0,Garrison Mathews,28.0,ATL,SG,26.0,2.0,18.8,2.5,5.6,0.438,2.1,4.7,0.439,0.4,0.9,0.435,0.623,1.6,1.9,0.82,0.2,1.2,1.4,1.5,0.7,0.3,0.6,1.8,8.6,,Garrison Mathews
217.0,Georges Niang,31.0,CLE,PF,34.0,1.0,20.6,3.3,6.9,0.479,1.7,4.4,0.387,1.6,2.5,0.643,0.603,0.4,0.5,0.75,0.7,3.2,3.9,1.5,0.4,0.1,1.0,2.3,8.6,,Georges Niang
218.0,Ziaire Williams,23.0,BRK,SF,22.0,7.0,21.7,3.0,7.5,0.402,0.9,3.2,0.286,2.1,4.3,0.489,0.463,1.7,2.1,0.804,1.1,3.4,4.5,1.1,0.9,0.4,0.9,2.6,8.6,,Ziaire Williams
219.0,Anthony Black,21.0,ORL,PG,33.0,3.0,24.0,3.0,7.2,0.412,0.6,2.4,0.266,2.3,4.8,0.484,0.456,1.9,2.6,0.753,0.6,2.1,2.7,3.5,0.9,0.7,2.2,2.3,8.5,,Anthony Black
220.0,Trayce Jackson-Davis,24.0,GSW,C,32.0,25.0,18.8,3.7,6.2,0.596,0.0,0.0,0.0,3.7,6.2,0.599,0.596,1.1,1.8,0.643,2.1,3.8,5.8,2.1,0.3,0.9,0.8,1.3,8.5,,Trayce Jackson-Davis
221.0,Jaime Jaquez Jr.,23.0,MIA,SF,28.0,4.0,21.4,3.1,7.5,0.416,0.5,2.0,0.268,2.6,5.5,0.471,0.452,1.7,2.3,0.723,1.3,3.3,4.6,2.3,1.1,0.1,1.4,1.6,8.4,,Jaime Jaquez Jr.
222.0,Luke Kennard,28.0,MEM,SG,23.0,0.0,21.0,2.7,6.1,0.433,2.0,4.4,0.446,0.7,1.7,0.4,0.592,1.1,1.3,0.867,0.6,2.3,2.9,3.2,0.7,0.1,0.9,0.8,8.4,,Luke Kennard
223.0,Jaylen Nowell,25.0,NOP,SG,8.0,0.0,21.0,3.3,9.1,0.356,1.0,3.4,0.296,2.3,5.8,0.391,0.411,0.9,1.4,0.636,0.8,1.8,2.5,2.3,0.1,0.5,1.0,1.1,8.4,,Jaylen Nowell
224.0,Cody Martin,29.0,CHO,SF,31.0,7.0,25.8,3.2,7.3,0.438,1.1,3.5,0.312,2.1,3.8,0.556,0.513,0.8,1.3,0.667,1.1,3.7,4.7,2.3,1.1,0.7,1.1,2.0,8.3,,Cody Martin
225.0,Ja'Kobe Walter,20.0,TOR,SG,20.0,7.0,20.1,3.1,7.7,0.399,1.1,3.7,0.288,2.0,4.0,0.5,0.467,1.2,1.7,0.697,0.9,1.9,2.8,1.6,0.5,0.3,0.9,2.1,8.3,,Ja'Kobe Walter
226.0,Trendon Watford,24.0,BRK,PF,13.0,0.0,16.1,2.7,6.1,0.443,0.6,2.0,0.308,2.1,4.1,0.509,0.494,2.3,2.7,0.857,0.3,2.5,2.8,1.2,0.4,0.3,1.2,2.3,8.3,,Trendon Watford
227.0,Mike Conley,37.0,MIN,PG,29.0,29.0,25.0,2.6,7.3,0.355,1.9,5.1,0.367,0.7,2.2,0.328,0.483,1.2,1.3,0.921,0.5,2.2,2.7,4.4,1.4,0.2,1.2,1.6,8.2,,Mike Conley
228.0,Isaiah Joe,25.0,OKC,SG,32.0,10.0,20.1,2.9,7.4,0.392,2.0,5.8,0.351,0.9,1.6,0.538,0.53,0.4,0.5,0.706,0.5,2.1,2.6,1.3,0.8,0.2,0.4,1.5,8.2,,Isaiah Joe
229.0,Jake LaRavia,23.0,MEM,PF,34.0,0.0,21.9,2.9,5.8,0.495,1.0,2.1,0.452,1.9,3.6,0.52,0.579,1.4,2.1,0.7,1.5,3.0,4.5,3.2,0.9,0.5,1.6,2.1,8.1,,Jake LaRavia
230.0,Moses Moody,22.0,GSW,SG,27.0,4.0,15.9,2.7,6.1,0.446,1.4,3.7,0.39,1.3,2.4,0.53,0.563,1.1,1.4,0.744,0.4,1.4,1.8,0.8,0.4,0.2,0.8,1.2,8.0,,Moses Moody
231.0,Brandin Podziemski,21.0,GSW,SG,30.0,8.0,24.2,3.1,7.7,0.404,1.0,3.5,0.295,2.1,4.2,0.496,0.472,0.7,1.0,0.733,1.0,3.5,4.5,3.2,1.0,0.2,1.0,1.5,8.0,,Brandin Podziemski
232.0,Sam Hauser,27.0,BOS,PF,28.0,6.0,21.6,2.9,6.6,0.432,2.1,5.6,0.376,0.8,1.0,0.75,0.592,0.1,0.1,1.0,0.8,2.4,3.1,1.1,0.8,0.2,0.3,1.1,7.9,,Sam Hauser
233.0,Max Christie,21.0,LAL,SG,33.0,12.0,22.6,2.5,5.4,0.453,1.0,2.8,0.374,1.4,2.7,0.534,0.547,1.9,2.2,0.873,0.7,1.7,2.4,1.3,0.9,0.4,0.7,1.6,7.8,,Max Christie
234.0,Brice Sensabaugh,21.0,UTA,SF,26.0,0.0,16.8,2.8,6.2,0.45,1.5,3.8,0.38,1.3,2.3,0.567,0.569,0.8,0.9,0.913,0.6,2.0,2.6,1.3,0.6,0.1,1.4,1.2,7.8,,Brice Sensabaugh
235.0,Jalen Smith,24.0,CHI,C,30.0,1.0,15.4,2.8,6.1,0.462,1.1,3.3,0.337,1.7,2.8,0.607,0.552,1.1,1.4,0.791,1.3,4.1,5.4,0.7,0.4,0.7,0.6,1.6,7.8,,Jalen Smith
236.0,A.J. Green,25.0,MIL,SG,30.0,4.0,21.6,2.6,5.8,0.451,2.3,5.1,0.442,0.3,0.6,0.526,0.647,0.3,0.3,0.889,0.2,2.1,2.3,1.3,0.5,0.1,0.6,2.0,7.7,,A.J. Green
237.0,Svi Mykhailiuk,27.0,UTA,SF,10.0,5.0,16.7,2.7,6.7,0.403,1.9,5.1,0.373,0.8,1.6,0.5,0.545,0.4,0.6,0.667,0.1,1.4,1.5,1.3,0.8,0.2,1.4,1.0,7.7,,Svi Mykhailiuk
238.0,Wendell Carter Jr.,25.0,ORL,C,23.0,19.0,24.8,2.7,6.0,0.457,0.3,2.0,0.149,2.4,4.0,0.615,0.482,1.8,2.6,0.712,1.6,5.7,7.3,2.1,0.7,0.7,0.8,2.5,7.6,,Wendell Carter Jr.
239.0,Bones Hyland,24.0,LAC,PG,14.0,0.0,11.5,2.4,6.2,0.379,1.7,4.3,0.4,0.6,1.9,0.333,0.517,1.2,1.4,0.85,0.2,0.9,1.1,1.3,0.9,0.3,1.1,1.2,7.6,,Bones Hyland
240.0,Keon Johnson,22.0,BRK,SG,32.0,13.0,20.1,2.8,7.8,0.361,1.3,4.6,0.286,1.5,3.2,0.471,0.446,0.6,0.8,0.741,0.7,2.6,3.3,1.2,0.7,0.3,1.2,2.5,7.6,,Keon Johnson
241.0,Vasilije Micić,31.0,CHO,PG,22.0,11.0,22.1,2.7,8.2,0.333,1.3,3.9,0.337,1.4,4.3,0.33,0.414,0.8,1.0,0.783,0.7,1.9,2.5,3.8,0.6,0.0,2.2,1.1,7.6,,Vasilije Micić
242.0,Josh Green,24.0,CHO,SG,31.0,30.0,29.0,2.7,6.4,0.419,1.5,3.6,0.411,1.2,2.8,0.43,0.535,0.7,1.1,0.618,1.1,1.6,2.7,1.5,0.9,0.4,1.0,3.1,7.5,,Josh Green
243.0,DaQuan Jeffries,27.0,CHO,SG,8.0,0.0,19.0,3.0,5.6,0.533,1.1,2.5,0.45,1.9,3.1,0.6,0.633,0.4,0.5,0.75,0.8,2.1,2.9,0.6,0.6,0.6,0.8,1.8,7.5,,DaQuan Jeffries
244.0,Taurean Prince,30.0,MIL,SF,32.0,26.0,25.7,2.7,6.0,0.451,1.7,3.7,0.454,1.0,2.3,0.446,0.591,0.4,0.6,0.722,0.7,3.3,4.0,1.7,0.9,0.2,1.2,2.0,7.5,,Taurean Prince
245.0,Brandon Clarke,28.0,MEM,PF,32.0,18.0,18.5,3.3,5.5,0.602,0.0,0.5,0.063,3.3,5.0,0.656,0.605,0.8,1.2,0.649,1.8,3.4,5.2,1.0,0.8,0.5,0.5,2.1,7.4,,Brandon Clarke
246.0,Kyshawn George,21.0,WAS,SG,27.0,6.0,25.4,2.6,7.4,0.343,1.3,4.9,0.256,1.3,2.5,0.515,0.428,0.9,1.2,0.719,0.7,3.3,4.0,2.2,0.7,0.7,1.1,2.9,7.2,,Kyshawn George
247.0,Kelly Olynyk,33.0,TOR,C,12.0,1.0,15.7,2.4,5.3,0.46,0.9,1.9,0.478,1.5,3.3,0.45,0.548,1.4,1.7,0.85,1.1,3.0,4.1,2.1,0.8,0.3,1.7,2.5,7.2,,Kelly Olynyk
248.0,Ausar Thompson,22.0,DET,SF,14.0,3.0,17.7,3.1,6.6,0.478,0.3,1.3,0.222,2.9,5.3,0.541,0.5,0.6,1.6,0.409,1.4,2.9,4.3,1.6,1.1,0.3,1.6,2.6,7.2,,Ausar Thompson
249.0,Jaden Hardy,22.0,DAL,SG,27.0,3.0,15.0,2.6,6.1,0.418,1.0,2.8,0.355,1.6,3.3,0.472,0.5,1.0,1.3,0.743,0.2,1.3,1.5,1.3,0.6,0.1,1.4,1.5,7.1,,Jaden Hardy
250.0,Johnny Juzang,23.0,UTA,SG,28.0,2.0,17.1,2.4,5.7,0.421,1.6,4.1,0.404,0.8,1.6,0.467,0.566,0.6,0.8,0.857,0.6,1.9,2.5,0.9,0.4,0.1,0.5,1.9,7.1,,Johnny Juzang
251.0,Trey Lyles,29.0,SAC,PF,25.0,2.0,20.5,2.4,5.7,0.415,1.6,4.1,0.392,0.8,1.6,0.475,0.556,0.8,1.0,0.76,0.9,3.4,4.3,0.9,0.6,0.5,0.6,1.3,7.1,,Trey Lyles
252.0,Shake Milton,28.0,2TM,SG,30.0,1.0,17.7,2.6,5.6,0.456,1.0,2.7,0.37,1.6,2.9,0.534,0.544,0.9,1.2,0.771,0.5,1.5,2.0,2.3,0.5,0.1,0.7,1.5,7.0,,Shake Milton
252.0,Shake Milton,28.0,BRK,SG,27.0,1.0,18.2,2.7,5.8,0.465,1.0,2.7,0.389,1.7,3.1,0.529,0.554,0.9,1.2,0.758,0.6,1.3,1.9,2.4,0.6,0.0,0.7,1.6,7.4,,Shake Milton
252.0,Shake Milton,28.0,LAL,SG,3.0,0.0,13.3,1.3,4.0,0.333,0.7,3.0,0.222,0.7,1.0,0.667,0.417,0.7,0.7,1.0,0.0,3.0,3.0,1.3,0.0,0.3,0.3,0.7,4.0,,Shake Milton
253.0,Andre Drummond,31.0,PHI,C,25.0,14.0,19.3,2.8,5.6,0.507,0.0,0.4,0.111,2.8,5.2,0.534,0.511,1.3,2.3,0.569,2.8,5.3,8.1,0.6,1.2,0.4,1.7,2.5,7.0,,Andre Drummond
254.0,Kris Dunn,30.0,LAC,PG,34.0,23.0,23.9,2.9,6.4,0.445,1.1,3.3,0.342,1.7,3.1,0.551,0.532,0.2,0.4,0.5,0.7,2.8,3.5,2.9,1.7,0.3,1.2,2.5,7.0,,Kris Dunn
255.0,Isaiah Jackson,23.0,IND,C,5.0,1.0,16.8,2.8,4.6,0.609,0.0,0.0,,2.8,4.6,0.609,0.609,1.4,2.8,0.5,2.2,3.4,5.6,1.0,0.6,1.6,1.0,2.8,7.0,,Isaiah Jackson
256.0,Sam Merrill,28.0,CLE,SG,29.0,2.0,19.2,2.3,6.0,0.387,1.8,5.2,0.351,0.5,0.8,0.636,0.54,0.6,0.6,0.944,0.4,1.4,1.8,1.6,0.6,0.2,0.5,2.0,7.0,,Sam Merrill
257.0,Torrey Craig,34.0,CHI,SF,9.0,1.0,12.6,2.4,5.0,0.489,1.7,3.9,0.429,0.8,1.1,0.7,0.656,0.3,0.4,0.75,0.9,1.9,2.8,0.6,0.2,0.1,0.0,1.7,6.9,,Torrey Craig
258.0,Haywood Highsmith,28.0,MIA,SF,30.0,23.0,24.7,2.6,5.3,0.488,1.3,3.1,0.424,1.3,2.3,0.574,0.609,0.4,0.6,0.684,0.9,2.4,3.3,1.1,1.0,0.6,0.9,2.2,6.9,,Haywood Highsmith
259.0,Josh Okogie,26.0,PHO,SG,20.0,1.0,15.7,2.6,5.3,0.486,0.8,2.0,0.385,1.8,3.3,0.545,0.557,0.9,1.4,0.643,1.5,1.7,3.2,0.5,1.0,0.4,0.8,1.2,6.8,,Josh Okogie
260.0,Cameron Payne,30.0,NYK,PG,29.0,1.0,15.6,2.5,5.9,0.424,1.4,3.6,0.398,1.1,2.3,0.463,0.544,0.4,0.6,0.813,0.3,1.3,1.6,2.8,0.6,0.3,0.6,1.8,6.8,,Cameron Payne
261.0,Day'Ron Sharpe,23.0,BRK,C,13.0,0.0,15.7,2.5,5.8,0.44,0.2,1.2,0.133,2.4,4.6,0.517,0.453,1.5,1.7,0.909,2.3,3.3,5.6,1.2,0.9,0.5,1.2,1.8,6.8,,Day'Ron Sharpe
262.0,Robert Williams,27.0,POR,C,11.0,1.0,16.5,2.8,3.9,0.721,0.1,0.3,0.333,2.7,3.6,0.75,0.733,1.1,1.2,0.923,1.6,3.3,4.9,1.1,0.7,1.5,0.8,1.1,6.8,,Robert Williams
263.0,Bruce Brown,28.0,TOR,PG,3.0,0.0,17.3,2.7,7.0,0.381,0.3,1.3,0.25,2.3,5.7,0.412,0.405,1.0,1.3,0.75,0.7,1.3,2.0,1.0,0.7,0.0,0.3,1.3,6.7,,Bruce Brown
264.0,Keon Ellis,25.0,SAC,SG,33.0,6.0,20.7,2.2,4.7,0.462,1.4,3.3,0.418,0.8,1.4,0.565,0.609,1.0,1.2,0.842,0.8,1.5,2.3,1.1,1.3,0.8,0.8,1.8,6.7,,Keon Ellis
265.0,Tyrese Martin,25.0,BRK,SG,18.0,2.0,16.7,2.4,5.4,0.439,1.4,3.7,0.379,1.0,1.8,0.563,0.566,0.5,0.6,0.818,0.8,2.3,3.1,1.5,0.5,0.2,0.7,1.2,6.7,,Tyrese Martin
266.0,Elfrid Payton,30.0,NOP,PG,7.0,3.0,20.6,3.3,6.6,0.5,0.0,0.1,0.0,3.3,6.4,0.511,0.5,0.1,0.3,0.5,0.7,2.7,3.4,6.9,1.4,0.4,2.9,1.4,6.7,,Elfrid Payton
267.0,Isaac Okoro,24.0,CLE,SG,23.0,16.0,21.0,2.3,4.7,0.495,1.3,2.7,0.492,1.0,2.0,0.5,0.636,0.7,0.9,0.714,0.9,1.3,2.3,1.7,0.7,0.4,0.4,2.0,6.6,,Isaac Okoro
268.0,Jeremiah Robinson-Earl,24.0,NOP,PF,30.0,4.0,18.9,2.5,5.6,0.444,0.8,2.5,0.316,1.7,3.1,0.548,0.515,0.8,1.0,0.862,2.0,2.7,4.7,1.2,0.8,0.1,0.8,1.3,6.6,,Jeremiah Robinson-Earl
269.0,Jarace Walker,21.0,IND,PF,35.0,1.0,17.7,2.3,5.0,0.451,1.1,2.7,0.4,1.2,2.3,0.513,0.56,0.9,1.3,0.66,0.4,2.9,3.3,1.5,1.1,0.3,1.2,1.7,6.5,,Jarace Walker
270.0,Cason Wallace,21.0,OKC,SG,33.0,20.0,26.7,2.6,6.3,0.418,0.9,3.0,0.303,1.7,3.3,0.523,0.49,0.3,0.4,0.846,1.1,2.2,3.4,2.4,1.8,0.7,0.7,2.1,6.5,,Cason Wallace
271.0,Alec Burks,33.0,MIA,SG,18.0,0.0,16.8,1.9,4.3,0.449,1.4,3.1,0.473,0.5,1.3,0.391,0.615,1.1,1.3,0.826,0.3,1.7,2.0,1.1,0.6,0.2,0.3,0.7,6.4,,Alec Burks
272.0,Simone Fontecchio,29.0,DET,SF,30.0,0.0,17.9,2.1,5.1,0.405,1.2,3.4,0.347,0.9,1.7,0.519,0.52,1.1,1.4,0.829,0.6,2.2,2.8,0.9,0.3,0.2,0.8,1.3,6.4,,Simone Fontecchio
273.0,Talen Horton-Tucker,24.0,CHI,SG,28.0,0.0,12.6,2.3,4.9,0.471,0.8,2.2,0.371,1.5,2.7,0.553,0.554,0.9,1.3,0.676,0.5,1.6,2.1,1.5,0.4,0.3,0.6,1.1,6.4,,Talen Horton-Tucker
274.0,KJ Martin,24.0,PHI,PF,24.0,7.0,20.0,2.5,4.1,0.616,0.3,0.9,0.381,2.2,3.3,0.679,0.657,1.0,1.2,0.828,0.9,2.1,3.0,0.8,0.5,0.7,0.5,2.6,6.4,,KJ Martin
275.0,Ajay Mitchell,22.0,OKC,SG,34.0,1.0,16.5,2.5,4.9,0.506,0.6,1.5,0.431,1.8,3.4,0.539,0.572,0.8,1.0,0.848,0.5,1.5,2.0,1.7,0.7,0.1,0.8,1.7,6.4,,Ajay Mitchell
276.0,Davion Mitchell,26.0,TOR,PG,32.0,14.0,25.3,2.4,5.8,0.406,0.9,2.9,0.326,1.4,3.0,0.484,0.487,0.7,1.0,0.667,0.4,1.7,2.1,4.7,0.8,0.2,1.8,2.7,6.4,,Davion Mitchell
277.0,Cole Anthony,24.0,ORL,PG,33.0,0.0,12.5,2.3,6.0,0.379,0.7,2.4,0.288,1.6,3.6,0.441,0.437,1.1,1.4,0.783,0.4,1.8,2.3,2.5,0.4,0.2,1.5,1.6,6.3,,Cole Anthony
278.0,Ryan Dunn,22.0,PHO,SF,28.0,12.0,18.8,2.5,5.8,0.426,1.1,3.6,0.304,1.4,2.1,0.633,0.522,0.3,0.5,0.5,0.8,2.1,2.9,0.9,0.6,0.7,0.5,2.3,6.3,,Ryan Dunn
279.0,Ron Holland,19.0,DET,SF,34.0,1.0,15.5,2.5,5.3,0.478,0.4,1.9,0.222,2.1,3.4,0.615,0.517,0.8,1.1,0.778,0.5,2.4,2.9,0.7,0.4,0.1,0.9,1.6,6.3,,Ron Holland
280.0,Terance Mann,28.0,LAC,SG,23.0,11.0,21.0,2.4,5.6,0.438,0.7,2.0,0.34,1.7,3.5,0.494,0.5,0.7,1.0,0.667,1.0,2.0,3.1,1.7,1.0,0.2,0.6,2.0,6.3,,Terance Mann
281.0,Dru Smith,27.0,MIA,SG,14.0,1.0,19.1,2.2,4.4,0.508,1.1,2.1,0.533,1.1,2.2,0.484,0.639,0.7,0.9,0.769,0.9,1.7,2.6,1.6,1.5,0.4,1.2,2.1,6.3,,Dru Smith
282.0,Kenrich Williams,30.0,OKC,PF,24.0,0.0,13.3,2.4,4.3,0.558,1.0,2.2,0.442,1.5,2.2,0.673,0.668,0.5,0.6,0.929,0.9,2.2,3.1,1.0,0.7,0.2,0.4,1.7,6.3,,Kenrich Williams
283.0,Dean Wade,28.0,CLE,PF,25.0,16.0,22.6,2.1,5.0,0.416,1.5,4.2,0.362,0.6,0.8,0.7,0.568,0.5,1.0,0.5,0.9,4.2,5.2,1.5,1.0,0.6,0.2,1.7,6.2,,Dean Wade
284.0,Isaiah Wong,24.0,CHO,SG,10.0,0.0,14.3,2.0,5.6,0.357,0.4,1.7,0.235,1.6,3.9,0.41,0.393,1.7,2.6,0.654,1.2,1.0,2.2,1.8,0.6,0.0,1.0,1.1,6.1,,Isaiah Wong
285.0,Jamison Battle,23.0,TOR,SF,31.0,0.0,13.5,2.1,4.5,0.471,1.4,3.3,0.431,0.7,1.2,0.583,0.63,0.4,0.5,0.857,0.6,1.3,1.9,1.0,0.1,0.1,0.4,1.2,6.0,,Jamison Battle
286.0,Quenton Jackson,26.0,IND,PG,17.0,7.0,14.8,2.3,4.5,0.513,0.5,1.4,0.375,1.8,3.1,0.577,0.572,0.9,1.2,0.714,0.6,1.0,1.6,1.8,0.5,0.3,0.6,1.9,6.0,,Quenton Jackson
287.0,Max Strus,28.0,CLE,SF,6.0,0.0,22.3,2.2,6.2,0.351,1.5,5.2,0.29,0.7,1.0,0.667,0.473,0.2,0.2,1.0,1.2,2.8,4.0,2.8,0.3,0.3,0.7,2.5,6.0,,Max Strus
288.0,James Wiseman,23.0,IND,C,1.0,0.0,5.0,2.0,4.0,0.5,0.0,1.0,0.0,2.0,3.0,0.667,0.5,2.0,2.0,1.0,0.0,1.0,1.0,0.0,0.0,0.0,0.0,0.0,6.0,,James Wiseman
289.0,Kyle Filipowski,21.0,UTA,C,22.0,8.0,16.5,2.2,4.4,0.495,0.5,1.6,0.333,1.6,2.8,0.59,0.557,1.0,1.7,0.568,1.0,3.3,4.3,1.8,0.5,0.1,1.0,1.9,5.9,,Kyle Filipowski
290.0,Javonte Green,31.0,NOP,SG,32.0,12.0,20.9,2.1,4.6,0.463,0.7,1.9,0.361,1.4,2.7,0.535,0.537,1.0,1.3,0.744,0.9,2.2,3.1,0.7,1.0,0.6,0.7,1.4,5.9,,Javonte Green
291.0,Jaxson Hayes,24.0,LAL,C,13.0,2.0,16.9,2.2,3.2,0.69,0.0,0.0,,2.2,3.2,0.69,0.69,1.5,1.9,0.76,1.8,2.6,4.4,0.7,0.4,0.8,0.7,2.4,5.9,,Jaxson Hayes
292.0,Kevin Love,36.0,MIA,PF,16.0,5.0,11.4,2.0,5.7,0.352,1.1,3.1,0.36,0.9,2.6,0.341,0.451,0.8,1.2,0.684,1.1,3.4,4.5,1.2,0.8,0.1,0.8,0.9,5.9,,Kevin Love
293.0,Jordan Miller,25.0,LAC,SF,21.0,0.0,14.7,2.3,5.3,0.432,0.4,1.7,0.229,1.9,3.6,0.526,0.468,1.0,1.2,0.769,1.0,1.2,2.1,1.3,0.5,0.1,0.9,1.0,5.9,,Jordan Miller
294.0,Ben Simmons,28.0,BRK,PG,26.0,20.0,25.1,2.7,4.9,0.543,0.0,0.0,,2.7,4.9,0.543,0.543,0.6,0.8,0.714,0.9,4.3,5.2,6.9,0.8,0.5,2.8,2.3,5.9,,Ben Simmons
295.0,Isaiah Stewart,23.0,DET,C,30.0,3.0,21.2,2.3,4.2,0.543,0.3,0.9,0.296,2.0,3.3,0.61,0.575,1.0,1.2,0.886,2.1,3.9,6.0,1.8,0.5,1.2,1.0,2.7,5.9,,Isaiah Stewart
296.0,Malaki Branham,21.0,SAS,SG,22.0,0.0,11.9,2.1,4.8,0.438,0.8,2.1,0.383,1.3,2.6,0.483,0.524,0.8,0.9,0.85,0.1,1.3,1.4,1.2,0.3,0.1,1.2,0.7,5.8,,Malaki Branham
297.0,Ricky Council IV,23.0,PHI,SF,25.0,0.0,13.0,1.8,4.2,0.419,0.4,1.6,0.268,1.3,2.6,0.516,0.471,1.7,2.0,0.843,0.6,1.5,2.1,0.7,0.3,0.2,0.4,0.8,5.7,,Ricky Council IV
298.0,Jonathan Isaac,27.0,ORL,PF,30.0,0.0,16.5,2.1,5.1,0.403,0.7,2.6,0.253,1.4,2.5,0.56,0.468,0.9,1.4,0.683,1.7,2.9,4.6,0.4,0.8,1.3,0.6,1.5,5.7,,Jonathan Isaac
299.0,Marcus Sasser,24.0,DET,PG,23.0,0.0,13.5,2.3,4.5,0.51,0.9,2.3,0.385,1.4,2.3,0.635,0.606,0.3,0.3,1.0,0.3,0.7,1.0,1.9,0.8,0.1,0.9,1.2,5.7,,Marcus Sasser
300.0,Zach Collins,27.0,SAS,C,27.0,4.0,14.0,2.0,4.3,0.466,0.4,1.5,0.3,1.6,2.8,0.553,0.517,1.1,1.3,0.886,1.3,2.0,3.3,1.7,0.5,0.5,0.8,2.3,5.6,,Zach Collins
301.0,Alex Caruso,30.0,OKC,SG,20.0,0.0,19.9,2.2,5.7,0.377,0.9,3.3,0.262,1.3,2.5,0.531,0.452,0.4,0.5,0.778,0.6,2.3,2.9,2.5,1.9,0.6,0.8,2.0,5.5,,Alex Caruso
302.0,Donovan Clingan,20.0,POR,C,26.0,7.0,16.0,2.3,4.3,0.527,0.2,0.6,0.313,2.1,3.7,0.563,0.549,0.8,1.1,0.75,2.7,3.3,6.0,0.6,0.5,1.6,1.2,2.7,5.5,,Donovan Clingan
303.0,Monte Morris,29.0,PHO,PG,27.0,0.0,13.6,1.9,4.6,0.419,0.6,2.0,0.291,1.3,2.6,0.522,0.484,1.0,1.3,0.824,0.3,1.3,1.6,1.8,0.5,0.1,0.5,0.6,5.5,,Monte Morris
304.0,Neemias Queta,25.0,BOS,C,29.0,5.0,16.1,2.3,3.6,0.654,0.0,0.1,0.0,2.3,3.5,0.667,0.654,0.8,1.1,0.719,1.7,2.7,4.4,0.7,0.3,0.9,0.7,2.0,5.5,,Neemias Queta
305.0,Lindy Waters III,27.0,GSW,SG,26.0,8.0,17.5,2.0,5.6,0.359,1.3,4.0,0.327,0.7,1.6,0.439,0.476,0.2,0.3,0.857,0.5,2.1,2.6,1.3,0.7,0.2,0.3,1.7,5.5,,Lindy Waters III
306.0,Precious Achiuwa,25.0,NYK,PF,14.0,1.0,18.2,2.1,4.5,0.476,0.4,0.9,0.385,1.8,3.6,0.5,0.516,0.7,1.4,0.526,2.0,4.4,6.4,1.1,0.6,0.8,1.0,1.3,5.4,,Precious Achiuwa
307.0,Trevelin Queen,27.0,ORL,SG,9.0,2.0,15.3,2.0,3.7,0.545,1.0,1.9,0.529,1.0,1.8,0.563,0.682,0.4,0.4,1.0,0.4,0.7,1.1,1.3,1.0,0.3,1.1,1.7,5.4,,Trevelin Queen
308.0,Ben Sheppard,23.0,IND,SG,21.0,6.0,19.9,2.0,4.9,0.417,1.3,3.5,0.378,0.7,1.4,0.517,0.553,0.0,0.0,,0.6,1.9,2.5,1.0,0.5,0.3,0.3,2.5,5.4,,Ben Sheppard
309.0,Lonzo Ball,27.0,CHI,PG,15.0,0.0,18.5,1.7,5.3,0.329,1.3,4.4,0.303,0.4,0.9,0.462,0.456,0.5,0.7,0.8,0.4,3.0,3.4,3.7,1.3,0.5,1.1,1.4,5.3,,Lonzo Ball
310.0,Kobe Bufkin,21.0,ATL,SG,10.0,0.0,12.4,1.8,4.7,0.383,0.4,1.9,0.211,1.4,2.8,0.5,0.426,1.3,1.8,0.722,0.5,1.6,2.1,1.7,0.3,0.2,0.8,0.9,5.3,,Kobe Bufkin
311.0,Eric Gordon,36.0,PHI,SG,21.0,1.0,17.0,1.8,4.8,0.38,0.9,2.9,0.3,1.0,1.9,0.5,0.47,0.9,1.1,0.783,0.1,0.8,1.0,1.3,0.6,0.3,0.7,0.7,5.3,,Eric Gordon
312.0,Vince Williams Jr.,24.0,MEM,SG,3.0,0.0,15.0,2.3,6.3,0.368,0.3,2.7,0.125,2.0,3.7,0.545,0.395,0.3,1.3,0.25,1.3,2.3,3.7,3.0,0.0,0.7,2.3,3.0,5.3,,Vince Williams Jr.
313.0,Seth Curry,34.0,CHO,SG,30.0,8.0,13.8,1.9,4.2,0.464,0.9,2.2,0.424,1.0,2.0,0.508,0.576,0.4,0.5,0.867,0.4,1.0,1.4,0.5,0.5,0.2,0.3,1.0,5.2,,Seth Curry
314.0,Paul Reed,25.0,DET,C,19.0,0.0,11.5,1.9,3.4,0.569,0.3,0.8,0.333,1.7,2.6,0.64,0.608,1.0,1.2,0.826,0.8,1.6,2.4,1.1,1.3,0.7,0.6,1.8,5.2,,Paul Reed
315.0,Kel'el Ware,20.0,MIA,C,17.0,0.0,10.3,2.2,3.5,0.617,0.4,0.9,0.438,1.8,2.6,0.682,0.675,0.5,0.7,0.667,0.5,2.1,2.5,0.4,0.4,0.8,0.5,1.0,5.2,,Kel'el Ware
316.0,Kyle Anderson,31.0,GSW,PF,27.0,2.0,14.3,2.0,4.7,0.429,0.6,1.6,0.357,1.4,3.1,0.464,0.488,0.6,0.9,0.652,0.6,2.3,2.9,2.1,0.7,0.4,0.5,1.0,5.1,,Kyle Anderson
317.0,Jared Butler,24.0,WAS,SG,23.0,0.0,9.9,2.0,4.5,0.452,0.3,1.1,0.269,1.7,3.4,0.513,0.486,0.7,1.0,0.739,0.3,0.6,0.9,2.3,0.3,0.1,0.8,1.0,5.1,,Jared Butler
318.0,Matas Buzelis,20.0,CHI,SF,32.0,0.0,13.1,1.8,4.9,0.365,0.8,2.4,0.333,1.0,2.4,0.397,0.449,0.7,0.9,0.786,0.6,2.1,2.7,0.5,0.3,0.8,0.6,1.4,5.1,,Matas Buzelis
319.0,Pelle Larsson,23.0,MIA,SG,19.0,0.0,15.4,1.8,3.7,0.493,0.6,1.7,0.344,1.3,2.1,0.615,0.57,0.8,1.3,0.64,0.5,1.2,1.7,1.3,0.5,0.0,0.5,2.2,5.1,,Pelle Larsson
320.0,Jonathan Mogbo,23.0,TOR,PF,34.0,6.0,16.6,2.0,4.3,0.456,0.2,0.7,0.292,1.8,3.6,0.488,0.48,1.0,1.4,0.717,1.8,2.5,4.3,1.6,0.8,0.5,0.9,1.8,5.1,,Jonathan Mogbo
321.0,Cam Christie,19.0,LAC,SG,1.0,0.0,18.0,2.0,7.0,0.286,1.0,4.0,0.25,1.0,3.0,0.333,0.357,0.0,0.0,,1.0,2.0,3.0,0.0,2.0,0.0,1.0,0.0,5.0,,Cam Christie
322.0,Tidjane Salaün,19.0,CHO,PF,29.0,8.0,19.2,1.7,5.3,0.327,1.0,3.3,0.292,0.8,2.0,0.386,0.418,0.6,0.9,0.667,1.0,3.2,4.2,1.1,0.6,0.2,0.8,1.4,5.0,,Tidjane Salaün
323.0,Jamal Shead,22.0,TOR,PG,31.0,0.0,15.8,2.0,4.9,0.408,0.6,2.1,0.308,1.4,2.8,0.483,0.474,0.3,0.5,0.667,0.2,0.9,1.2,3.4,0.6,0.1,1.5,1.7,5.0,,Jamal Shead
324.0,Alondes Williams,25.0,DET,SG,1.0,0.0,4.0,2.0,2.0,1.0,1.0,1.0,1.0,1.0,1.0,1.0,1.25,0.0,0.0,,0.0,0.0,0.0,1.0,0.0,0.0,0.0,0.0,5.0,,Alondes Williams
325.0,Marvin Bagley III,25.0,WAS,C,19.0,1.0,8.7,2.0,3.7,0.535,0.1,0.5,0.2,1.9,3.2,0.59,0.549,0.8,1.2,0.652,1.4,1.5,2.9,0.4,0.4,0.3,0.6,0.6,4.9,,Marvin Bagley III
326.0,Kevon Looney,28.0,GSW,C,29.0,5.0,15.5,2.1,4.0,0.539,0.0,0.0,,2.1,4.0,0.539,0.539,0.6,1.4,0.429,3.0,3.8,6.8,1.7,0.7,0.2,0.6,2.2,4.9,,Kevon Looney
327.0,Charles Bassey,24.0,SAS,C,22.0,0.0,10.4,2.0,3.6,0.57,0.0,0.0,,2.0,3.6,0.57,0.57,0.7,1.1,0.6,1.5,2.7,4.2,0.5,0.3,1.0,0.7,1.4,4.8,,Charles Bassey
328.0,Drew Eubanks,27.0,UTA,C,24.0,0.0,13.3,2.0,3.2,0.618,0.1,0.2,0.5,1.9,3.0,0.625,0.632,0.8,1.3,0.613,1.1,2.8,3.8,1.1,0.2,0.6,0.8,1.3,4.8,,Drew Eubanks
329.0,Taylor Hendricks,21.0,UTA,PF,3.0,3.0,25.0,1.3,6.0,0.222,1.0,4.0,0.25,0.3,2.0,0.167,0.306,1.0,1.3,0.75,1.7,3.3,5.0,0.7,1.7,1.3,0.7,2.7,4.7,,Taylor Hendricks
330.0,Luke Kornet,29.0,BOS,C,29.0,3.0,16.8,1.8,2.9,0.612,0.0,0.0,,1.8,2.9,0.612,0.612,1.1,1.5,0.705,2.2,3.0,5.1,1.6,0.5,1.0,0.4,1.2,4.7,,Luke Kornet
331.0,David Roddy,23.0,ATL,PF,19.0,1.0,12.8,1.7,3.2,0.541,0.7,1.6,0.419,1.1,1.6,0.667,0.648,0.6,0.7,0.846,0.3,2.1,2.4,1.1,0.4,0.2,0.9,0.6,4.7,,David Roddy
332.0,JT Thor,22.0,CLE,PF,6.0,0.0,5.0,1.5,2.0,0.75,0.5,0.7,0.75,1.0,1.3,0.75,0.875,1.2,1.3,0.875,0.5,0.5,1.0,0.0,0.3,0.5,0.5,0.7,4.7,,JT Thor
333.0,Keaton Wallace,25.0,ATL,PG,16.0,1.0,15.5,1.8,4.4,0.408,0.8,2.3,0.351,1.0,2.1,0.471,0.5,0.3,0.3,1.0,0.1,1.3,1.4,1.9,0.8,0.4,1.1,0.9,4.7,,Keaton Wallace
334.0,Pat Connaughton,32.0,MIL,SG,17.0,0.0,16.4,1.6,4.4,0.378,0.8,2.8,0.298,0.8,1.6,0.519,0.473,0.5,0.7,0.75,0.6,2.4,2.9,1.6,0.2,0.4,0.6,1.2,4.6,,Pat Connaughton
335.0,Gary Payton II,32.0,GSW,SG,28.0,4.0,13.1,2.1,3.8,0.547,0.2,1.1,0.156,1.9,2.6,0.716,0.571,0.3,0.5,0.6,1.2,1.6,2.8,1.2,0.7,0.4,0.5,1.4,4.6,,Gary Payton II
336.0,Julian Phillips,21.0,CHI,SF,33.0,3.0,13.7,1.6,3.8,0.425,0.7,2.3,0.316,0.9,1.5,0.588,0.52,0.6,0.9,0.667,0.8,1.2,2.0,0.5,0.5,0.2,0.4,1.5,4.6,,Julian Phillips
337.0,Dariq Whitehead,20.0,BRK,SF,4.0,0.0,7.0,1.5,2.8,0.545,1.5,2.5,0.6,0.0,0.3,0.0,0.818,0.0,0.0,,0.0,0.8,0.8,0.3,0.8,0.3,0.8,0.3,4.5,,Dariq Whitehead
338.0,KJ Simpson,22.0,CHO,PG,11.0,0.0,14.5,1.5,5.2,0.298,0.5,2.5,0.179,1.1,2.6,0.414,0.342,0.9,1.4,0.667,1.0,0.8,1.8,1.8,0.8,0.2,0.9,1.3,4.5,,KJ Simpson
339.0,Thomas Bryant,27.0,2TM,C,19.0,0.0,11.1,1.5,3.1,0.492,0.6,1.7,0.364,0.9,1.4,0.654,0.593,0.7,0.7,1.0,0.8,2.3,3.1,0.4,0.3,0.6,0.2,0.9,4.4,,Thomas Bryant
339.0,Thomas Bryant,27.0,MIA,C,10.0,0.0,11.5,1.2,2.8,0.429,0.6,1.7,0.353,0.6,1.1,0.545,0.536,1.1,1.1,1.0,0.6,2.6,3.2,0.4,0.1,0.9,0.2,0.9,4.1,,Thomas Bryant
339.0,Thomas Bryant,27.0,IND,C,9.0,0.0,10.7,1.9,3.4,0.548,0.7,1.8,0.375,1.2,1.7,0.733,0.645,0.3,0.3,1.0,1.0,1.9,2.9,0.4,0.4,0.3,0.2,0.9,4.8,,Thomas Bryant
340.0,Sandro Mamukelashvili,25.0,SAS,PF,21.0,0.0,9.2,1.5,2.8,0.542,0.8,1.9,0.425,0.7,0.9,0.789,0.686,0.5,0.7,0.733,0.6,2.2,2.8,0.4,0.1,0.3,0.4,0.6,4.4,,Sandro Mamukelashvili
341.0,Antonio Reeves,24.0,NOP,SG,16.0,0.0,9.3,1.8,4.4,0.4,0.6,2.1,0.265,1.2,2.3,0.528,0.464,0.4,0.4,0.857,0.4,0.8,1.1,0.6,0.3,0.0,0.3,0.4,4.4,,Antonio Reeves
342.0,Ryan Rollins,22.0,MIL,PG,18.0,4.0,11.6,1.7,3.6,0.462,0.7,1.7,0.433,0.9,1.9,0.486,0.562,0.4,0.5,0.778,0.3,1.4,1.8,1.1,0.9,0.4,0.9,1.3,4.4,,Ryan Rollins
343.0,Jaylin Williams,22.0,OKC,PF,7.0,0.0,12.4,1.6,4.1,0.379,1.3,3.7,0.346,0.3,0.4,0.667,0.534,0.0,0.0,,0.6,2.3,2.9,2.0,0.3,0.3,0.3,1.1,4.4,,Jaylin Williams
344.0,Jamal Cain,25.0,NOP,SF,16.0,0.0,14.1,1.6,3.4,0.455,0.6,1.8,0.321,1.0,1.7,0.593,0.536,0.6,1.0,0.625,0.9,1.9,2.8,0.6,0.5,0.4,0.4,1.3,4.3,,Jamal Cain
345.0,Mason Plumlee,34.0,PHO,C,31.0,9.0,17.5,1.6,2.7,0.588,0.0,0.0,0.0,1.6,2.7,0.595,0.588,1.1,1.8,0.6,1.6,4.6,6.2,1.8,0.3,0.8,0.8,2.0,4.3,,Mason Plumlee
346.0,Gabe Vincent,28.0,LAL,PG,31.0,5.0,18.9,1.6,4.3,0.373,0.9,2.8,0.33,0.7,1.5,0.457,0.481,0.1,0.3,0.5,0.3,1.0,1.3,0.9,0.8,0.2,0.6,1.9,4.3,,Gabe Vincent
347.0,Dalen Terry,22.0,CHI,SG,31.0,1.0,13.8,1.5,3.1,0.479,0.4,1.2,0.351,1.1,1.9,0.559,0.547,0.8,1.2,0.694,0.6,0.9,1.5,1.1,0.5,0.3,0.9,1.5,4.2,,Dalen Terry
348.0,Mo Bamba,26.0,LAC,C,19.0,0.0,12.4,1.6,3.6,0.435,0.4,1.7,0.242,1.2,1.9,0.611,0.493,0.5,0.7,0.692,0.8,3.1,3.8,0.6,0.4,1.0,0.6,1.8,4.1,,Mo Bamba
349.0,Gary Harris,30.0,ORL,SG,20.0,2.0,16.3,1.5,3.6,0.403,1.0,2.7,0.352,0.5,0.9,0.556,0.535,0.2,0.4,0.5,0.5,0.8,1.3,0.5,0.7,0.3,0.5,0.7,4.1,,Gary Harris
350.0,Kyle Lowry,38.0,PHI,PG,24.0,12.0,19.7,1.2,3.5,0.341,0.9,2.7,0.328,0.3,0.9,0.381,0.465,0.8,1.0,0.8,0.3,1.5,1.8,2.7,1.0,0.3,0.7,1.9,4.1,,Kyle Lowry
351.0,Wendell Moore Jr.,23.0,DET,SG,14.0,1.0,14.1,1.5,3.1,0.477,0.2,0.9,0.231,1.3,2.2,0.581,0.511,0.9,1.0,0.929,0.8,2.2,3.0,1.5,0.7,0.2,0.6,1.0,4.1,,Wendell Moore Jr.
352.0,Jett Howard,21.0,ORL,SF,33.0,0.0,10.4,1.4,3.8,0.365,0.8,2.8,0.304,0.5,1.0,0.529,0.476,0.3,0.4,0.846,0.3,0.8,1.1,0.5,0.2,0.2,0.4,0.9,4.0,,Jett Howard
353.0,Micah Potter,26.0,UTA,C,9.0,2.0,18.1,1.4,3.3,0.433,1.1,2.8,0.4,0.3,0.6,0.6,0.6,0.0,0.0,,1.6,3.6,5.1,1.3,0.2,0.4,0.7,1.0,4.0,,Micah Potter
354.0,Josh Richardson,31.0,MIA,SG,8.0,0.0,18.8,1.4,4.8,0.289,0.8,2.8,0.273,0.6,2.0,0.313,0.368,0.5,0.5,1.0,0.8,0.8,1.5,1.5,1.0,0.1,1.0,2.1,4.0,,Josh Richardson
355.0,Luka Garza,26.0,MIN,C,9.0,0.0,5.1,1.6,2.8,0.56,0.2,0.9,0.25,1.3,1.9,0.706,0.6,0.6,0.9,0.625,0.4,0.8,1.2,0.1,0.1,0.0,0.3,0.4,3.9,,Luka Garza
356.0,Kris Murray,24.0,POR,SF,27.0,0.0,12.4,1.6,3.4,0.457,0.4,1.4,0.289,1.1,2.0,0.574,0.516,0.3,0.8,0.409,1.0,1.2,2.1,0.7,0.4,0.1,0.6,1.0,3.9,,Kris Murray
357.0,Blake Wesley,21.0,SAS,SG,23.0,0.0,11.3,1.5,3.3,0.461,0.2,0.9,0.2,1.3,2.4,0.554,0.487,0.7,0.9,0.714,0.3,0.6,0.8,2.0,0.4,0.1,1.0,0.6,3.9,,Blake Wesley
358.0,Oso Ighodaro,22.0,PHO,PF,26.0,2.0,15.9,1.7,2.8,0.595,0.0,0.0,,1.7,2.8,0.595,0.595,0.4,0.7,0.579,1.0,2.7,3.7,0.9,0.5,0.3,0.6,1.7,3.8,,Oso Ighodaro
359.0,Reggie Jackson,34.0,PHI,PG,17.0,0.0,11.7,1.4,3.6,0.393,0.9,2.2,0.395,0.5,1.4,0.391,0.516,0.1,0.1,0.5,0.2,1.1,1.3,1.8,0.5,0.2,0.5,0.8,3.8,,Reggie Jackson
360.0,Cam Spencer,24.0,MEM,SG,8.0,0.0,12.3,1.1,2.9,0.391,0.5,1.5,0.333,0.6,1.4,0.455,0.478,1.0,1.0,1.0,0.6,1.4,2.0,1.8,0.4,0.1,0.6,1.3,3.8,,Cam Spencer
361.0,Daniel Theis,32.0,NOP,C,25.0,7.0,14.7,1.4,3.2,0.456,0.2,1.0,0.208,1.2,2.2,0.564,0.487,0.8,0.9,0.864,0.8,2.8,3.7,1.4,0.4,0.6,0.7,1.8,3.8,,Daniel Theis
362.0,Rob Dillingham,20.0,MIN,PG,15.0,0.0,8.5,1.5,3.4,0.451,0.6,1.4,0.429,0.9,2.0,0.467,0.539,0.0,0.0,,0.1,0.7,0.7,1.7,0.1,0.0,1.1,0.3,3.7,,Rob Dillingham
363.0,Aaron Holiday,28.0,HOU,PG,23.0,0.0,9.9,1.3,2.9,0.433,0.7,1.9,0.395,0.5,1.0,0.5,0.56,0.5,0.6,0.846,0.1,0.9,1.0,1.1,0.3,0.1,0.3,0.8,3.7,,Aaron Holiday
364.0,Doug McDermott,33.0,SAC,SF,23.0,3.0,9.1,1.3,3.1,0.408,1.0,2.7,0.393,0.2,0.4,0.5,0.577,0.1,0.2,0.6,0.1,0.6,0.7,0.1,0.2,0.0,0.1,0.9,3.7,,Doug McDermott
365.0,Andre Jackson Jr.,23.0,MIL,SG,31.0,23.0,18.1,1.4,3.5,0.402,0.6,1.6,0.353,0.8,1.8,0.446,0.486,0.2,0.4,0.538,0.9,2.2,3.1,1.4,0.6,0.2,1.2,2.4,3.6,,Andre Jackson Jr.
366.0,Isaac Jones,24.0,SAC,PF,21.0,0.0,8.2,1.5,2.3,0.667,0.0,0.2,0.25,1.5,2.1,0.705,0.677,0.5,1.0,0.55,0.5,1.0,1.5,0.2,0.1,0.4,0.5,1.0,3.6,,Isaac Jones
367.0,Vit Krejci,24.0,ATL,PG,20.0,3.0,14.7,1.3,3.6,0.347,0.6,2.2,0.25,0.7,1.4,0.5,0.424,0.5,0.7,0.714,0.5,1.6,2.1,2.1,0.6,0.4,0.8,1.8,3.6,,Vit Krejci
368.0,Patty Mills,36.0,UTA,PG,9.0,0.0,15.3,1.2,3.4,0.355,0.8,2.7,0.292,0.4,0.8,0.571,0.468,0.3,0.3,1.0,0.1,0.8,0.9,1.4,0.7,0.2,0.9,0.9,3.6,,Patty Mills
369.0,Brandon Williams,25.0,DAL,PG,8.0,0.0,7.9,1.3,3.0,0.417,0.3,1.0,0.25,1.0,2.0,0.5,0.458,0.9,1.1,0.778,0.3,0.8,1.0,0.8,0.1,0.0,0.6,0.5,3.6,,Brandon Williams
370.0,Jevon Carter,29.0,CHI,PG,16.0,0.0,6.7,1.3,2.8,0.444,0.8,1.9,0.419,0.4,0.9,0.5,0.589,0.2,0.3,0.75,0.1,0.8,0.9,0.9,0.3,0.0,0.4,0.3,3.5,,Jevon Carter
371.0,Cam Reddish,25.0,LAL,SF,27.0,8.0,19.3,1.3,2.9,0.449,0.4,1.5,0.293,0.9,1.4,0.622,0.526,0.5,0.8,0.619,0.5,1.6,2.1,0.8,1.1,0.4,0.4,1.5,3.5,,Cam Reddish
372.0,Jabari Walker,22.0,POR,SF,24.0,1.0,10.3,1.4,3.2,0.447,0.2,0.9,0.182,1.3,2.3,0.556,0.474,0.5,0.8,0.722,0.9,2.1,3.0,0.5,0.3,0.1,0.5,1.1,3.5,,Jabari Walker
373.0,Cody Williams,20.0,UTA,SG,19.0,8.0,19.2,1.3,4.1,0.312,0.5,2.2,0.238,0.7,1.8,0.4,0.377,0.5,0.7,0.643,0.5,1.8,2.3,1.2,0.4,0.3,0.8,1.6,3.5,,Cody Williams
374.0,Nicolas Batum,36.0,LAC,PF,34.0,1.0,18.3,1.1,2.9,0.384,0.9,2.4,0.383,0.2,0.5,0.389,0.54,0.3,0.4,0.769,0.7,2.1,2.8,1.6,0.6,0.4,0.6,1.4,3.4,,Nicolas Batum
375.0,Moussa Diabaté,23.0,CHO,C,30.0,4.0,17.9,1.5,2.5,0.605,0.0,0.0,,1.5,2.5,0.605,0.605,0.4,0.8,0.44,3.1,3.8,6.8,0.6,0.6,0.7,0.9,1.7,3.4,,Moussa Diabaté
376.0,Bruno Fernando,26.0,TOR,C,17.0,2.0,8.6,1.5,2.9,0.531,0.0,0.0,,1.5,2.9,0.531,0.531,0.4,0.5,0.75,1.2,1.8,3.0,1.1,0.2,0.5,0.8,1.6,3.4,,Bruno Fernando
377.0,Tre Jones,25.0,SAS,PG,16.0,0.0,16.7,1.2,2.9,0.413,0.2,0.9,0.2,1.0,1.9,0.516,0.446,0.8,1.1,0.765,0.6,1.7,2.3,3.8,0.6,0.3,0.8,1.3,3.4,,Tre Jones
378.0,Josh Minott,22.0,MIN,SF,20.0,0.0,7.7,1.4,2.4,0.563,0.3,1.1,0.286,1.1,1.4,0.778,0.625,0.4,0.5,0.778,0.3,1.1,1.4,0.6,0.5,0.4,0.3,0.9,3.4,,Josh Minott
379.0,Dario Šarić,30.0,DEN,C,10.0,3.0,13.6,1.2,4.0,0.3,0.5,1.9,0.263,0.7,2.1,0.333,0.363,0.5,0.6,0.833,0.9,2.6,3.5,1.1,0.6,0.0,1.1,1.4,3.4,,Dario Šarić
380.0,Bol Bol,25.0,PHO,PF,7.0,0.0,5.3,1.3,2.1,0.6,0.1,0.7,0.2,1.1,1.4,0.8,0.633,0.6,0.9,0.667,0.6,1.0,1.6,0.1,0.0,0.0,0.4,0.1,3.3,,Bol Bol
381.0,Jae Crowder,34.0,SAC,SF,6.0,2.0,14.8,1.0,2.8,0.353,0.5,2.0,0.25,0.5,0.8,0.6,0.441,0.8,1.0,0.833,1.0,1.8,2.8,0.7,0.5,0.0,0.7,1.7,3.3,,Jae Crowder
382.0,Jalen Pickett,25.0,DEN,SG,8.0,0.0,9.9,1.3,2.6,0.476,0.8,1.8,0.429,0.5,0.9,0.571,0.619,0.0,0.0,,0.1,1.0,1.1,2.6,0.1,0.1,0.6,0.9,3.3,,Jalen Pickett
383.0,Reed Sheppard,20.0,HOU,PG,30.0,0.0,11.6,1.3,3.9,0.322,0.6,2.3,0.279,0.6,1.7,0.38,0.403,0.2,0.2,0.833,0.3,0.9,1.3,1.2,0.5,0.3,0.6,0.9,3.3,,Reed Sheppard
384.0,Jae'Sean Tate,29.0,HOU,SF,17.0,0.0,9.2,1.2,2.5,0.488,0.1,0.5,0.222,1.1,2.0,0.559,0.512,0.7,1.0,0.706,0.6,1.7,2.4,0.7,0.6,0.1,0.5,1.6,3.3,,Jae'Sean Tate
385.0,Moses Brown,25.0,IND,C,9.0,0.0,5.1,1.4,2.2,0.65,0.0,0.0,,1.4,2.2,0.65,0.65,0.3,0.6,0.6,0.4,1.0,1.4,0.0,0.2,0.1,0.7,0.7,3.2,,Moses Brown
386.0,Drew Peterson,25.0,BOS,PF,11.0,0.0,9.9,1.0,2.0,0.5,0.6,1.5,0.412,0.4,0.5,0.8,0.659,0.5,0.6,0.857,0.5,1.6,2.1,0.7,0.2,0.2,0.5,0.9,3.2,,Drew Peterson
387.0,Rayan Rupert,20.0,POR,SG,25.0,0.0,9.9,1.2,2.7,0.426,0.4,1.2,0.29,0.8,1.5,0.541,0.493,0.5,0.6,0.75,0.7,0.7,1.4,0.5,0.3,0.1,0.5,0.7,3.2,,Rayan Rupert
388.0,Landry Shamet,27.0,NYK,SG,6.0,0.0,9.0,1.3,2.2,0.615,0.5,0.8,0.6,0.8,1.3,0.625,0.731,0.0,0.0,,0.0,0.5,0.5,0.7,0.8,0.0,0.2,0.3,3.2,,Landry Shamet
389.0,Isaiah Collier,20.0,UTA,PG,24.0,2.0,17.3,1.3,4.0,0.316,0.3,1.6,0.158,1.0,2.4,0.421,0.347,0.4,0.8,0.45,0.2,2.0,2.2,3.4,0.8,0.2,2.3,1.8,3.1,,Isaiah Collier
390.0,Jeff Dowtin,27.0,PHI,PG,11.0,0.0,10.2,1.2,2.7,0.433,0.2,0.8,0.222,1.0,1.9,0.524,0.467,0.5,0.8,0.667,0.2,0.8,1.0,1.1,0.3,0.1,0.2,0.6,3.1,,Jeff Dowtin
391.0,Jock Landale,29.0,HOU,C,19.0,0.0,9.5,1.2,2.8,0.415,0.2,0.4,0.429,1.0,2.4,0.413,0.443,0.6,1.1,0.55,1.2,1.5,2.6,0.7,0.2,0.4,0.5,0.8,3.1,,Jock Landale
392.0,Nick Smith Jr.,20.0,CHO,SG,15.0,0.0,8.8,1.2,3.4,0.353,0.7,1.9,0.357,0.5,1.5,0.348,0.451,0.1,0.1,0.5,0.1,0.8,0.9,0.7,0.3,0.1,0.2,0.5,3.1,,Nick Smith Jr.
393.0,David Duke Jr.,25.0,SAS,SG,1.0,0.0,8.0,1.0,4.0,0.25,0.0,1.0,0.0,1.0,3.0,0.333,0.25,1.0,2.0,0.5,0.0,0.0,0.0,2.0,0.0,0.0,0.0,1.0,3.0,,David Duke Jr.
394.0,Collin Gillespie,25.0,PHO,PG,1.0,0.0,3.0,1.0,2.0,0.5,1.0,1.0,1.0,0.0,1.0,0.0,0.75,0.0,0.0,,0.0,0.0,0.0,0.0,0.0,0.0,0.0,0.0,3.0,,Collin Gillespie
395.0,Jeff Green,38.0,HOU,PF,10.0,1.0,8.4,1.1,2.1,0.524,0.5,1.3,0.385,0.6,0.8,0.75,0.643,0.3,0.4,0.75,0.1,1.1,1.2,0.1,0.3,0.0,0.3,0.7,3.0,,Jeff Green
396.0,Richaun Holmes,31.0,WAS,PF,4.0,0.0,6.0,1.3,2.8,0.455,0.0,0.3,0.0,1.3,2.5,0.5,0.455,0.5,0.5,1.0,0.8,1.0,1.8,0.0,0.0,0.5,0.5,0.3,3.0,,Richaun Holmes
397.0,DeAndre Jordan,36.0,DEN,C,21.0,0.0,10.4,1.4,2.2,0.652,0.0,0.0,,1.4,2.2,0.652,0.652,0.2,0.6,0.308,0.9,3.0,3.9,0.9,0.3,0.5,0.7,1.1,3.0,,DeAndre Jordan
398.0,A.J. Lawson,24.0,TOR,SG,3.0,0.0,4.7,1.0,2.3,0.429,0.7,1.7,0.4,0.3,0.7,0.5,0.571,0.3,0.7,0.5,0.3,0.7,1.0,0.0,0.0,0.0,0.0,0.0,3.0,,A.J. Lawson
399.0,Taze Moore,26.0,POR,SG,2.0,0.0,10.0,1.0,5.0,0.2,0.5,2.0,0.25,0.5,3.0,0.167,0.25,0.5,1.0,0.5,2.0,2.0,4.0,0.5,1.0,0.0,1.0,0.0,3.0,,Taze Moore
400.0,Pete Nance,24.0,PHI,PF,1.0,0.0,3.0,1.0,1.0,1.0,1.0,1.0,1.0,0.0,0.0,,1.5,0.0,0.0,,0.0,1.0,1.0,0.0,0.0,0.0,0.0,3.0,3.0,,Pete Nance
401.0,Quincy Olivari,23.0,LAL,PG,1.0,0.0,8.0,1.0,3.0,0.333,1.0,3.0,0.333,0.0,0.0,,0.5,0.0,0.0,,0.0,0.0,0.0,0.0,0.0,0.0,1.0,0.0,3.0,,Quincy Olivari
402.0,Oscar Tshiebwe,25.0,UTA,PF,1.0,0.0,16.0,0.0,0.0,,0.0,0.0,,0.0,0.0,,,3.0,4.0,0.75,3.0,6.0,9.0,0.0,2.0,0.0,1.0,3.0,3.0,,Oscar Tshiebwe
403.0,Johnny Davis,22.0,WAS,SG,23.0,0.0,8.3,1.2,2.7,0.443,0.3,0.9,0.286,0.9,1.7,0.525,0.492,0.3,0.5,0.636,0.3,1.1,1.4,0.4,0.5,0.3,0.2,0.7,2.9,,Johnny Davis
404.0,Ousmane Dieng,21.0,OKC,PF,20.0,0.0,10.2,1.1,3.3,0.323,0.5,1.9,0.237,0.6,1.4,0.444,0.392,0.4,0.6,0.636,0.5,1.9,2.4,0.7,0.7,0.2,0.3,1.0,2.9,,Ousmane Dieng
405.0,John Konchar,28.0,MEM,SG,20.0,2.0,14.4,1.1,2.6,0.404,0.6,1.9,0.316,0.5,0.7,0.643,0.519,0.2,0.3,0.8,1.1,2.9,4.0,1.2,0.7,0.5,0.5,1.1,2.9,,John Konchar
406.0,Steven Adams,31.0,HOU,C,21.0,0.0,10.1,1.1,1.8,0.605,0.0,0.0,,1.1,1.8,0.605,0.605,0.6,1.4,0.414,1.8,2.1,4.0,1.1,0.2,0.2,1.0,1.0,2.8,,Steven Adams
407.0,Kobe Brown,25.0,LAC,PF,9.0,0.0,7.6,1.2,2.9,0.423,0.2,0.8,0.286,1.0,2.1,0.474,0.462,0.1,0.2,0.5,0.7,1.4,2.1,0.6,0.1,0.0,0.0,0.9,2.8,,Kobe Brown
408.0,Johnny Furphy,20.0,IND,SG,21.0,0.0,9.9,1.0,2.6,0.37,0.5,1.5,0.344,0.4,1.0,0.409,0.472,0.3,0.3,1.0,0.6,0.8,1.4,0.4,0.4,0.3,0.4,1.0,2.8,,Johnny Furphy
409.0,Delon Wright,32.0,MIL,PG,22.0,2.0,16.6,1.0,3.2,0.3,0.5,1.9,0.262,0.5,1.3,0.357,0.379,0.4,0.6,0.571,0.7,1.2,1.9,1.9,0.9,0.3,0.6,0.7,2.8,,Delon Wright
410.0,TyTy Washington Jr.,23.0,PHO,PG,3.0,0.0,9.0,1.0,2.0,0.5,0.7,1.0,0.667,0.3,1.0,0.333,0.667,0.0,0.0,,0.0,0.3,0.3,1.3,0.7,0.0,0.3,0.0,2.7,,TyTy Washington Jr.
411.0,Taj Gibson,39.0,CHO,C,14.0,8.0,10.8,1.1,2.4,0.471,0.1,0.1,0.5,1.1,2.3,0.469,0.485,0.3,0.4,0.667,1.5,1.7,3.2,0.5,0.4,0.2,0.6,1.3,2.6,,Taj Gibson
412.0,Duop Reath,28.0,POR,C,15.0,0.0,6.1,0.9,2.1,0.406,0.6,1.6,0.375,0.3,0.5,0.5,0.547,0.3,0.4,0.667,0.4,0.5,0.9,0.3,0.0,0.1,0.1,0.7,2.6,,Duop Reath
413.0,Hunter Tyson,24.0,DEN,PF,23.0,0.0,9.0,0.8,2.0,0.422,0.3,1.1,0.308,0.5,0.8,0.579,0.511,0.6,0.7,0.867,0.4,1.3,1.7,0.5,0.2,0.2,0.4,1.0,2.6,,Hunter Tyson
414.0,E.J. Liddell,24.0,CHI,PF,6.0,0.0,5.2,0.8,1.3,0.625,0.5,1.0,0.5,0.3,0.3,1.0,0.813,0.3,0.3,1.0,0.2,0.7,0.8,0.5,0.2,0.2,0.3,1.3,2.5,,E.J. Liddell
415.0,Craig Porter Jr.,24.0,CLE,PG,20.0,0.0,8.6,1.0,1.9,0.541,0.3,0.6,0.455,0.8,1.3,0.577,0.608,0.3,0.4,0.714,0.1,0.8,0.9,1.2,0.3,0.4,0.5,0.5,2.5,,Craig Porter Jr.
416.0,Chris Duarte,27.0,CHI,SG,13.0,0.0,4.2,0.8,1.5,0.5,0.4,0.9,0.417,0.4,0.6,0.625,0.625,0.5,0.6,0.75,0.3,0.9,1.2,0.4,0.0,0.0,0.1,0.4,2.4,,Chris Duarte
417.0,Trey Jemison,25.0,NOP,C,16.0,0.0,10.4,0.9,2.0,0.469,0.0,0.0,,0.9,2.0,0.469,0.469,0.5,1.3,0.381,1.4,1.4,2.8,0.6,0.4,0.4,0.6,1.7,2.4,,Trey Jemison
418.0,Maxi Kleber,33.0,DAL,PF,23.0,3.0,19.1,0.9,2.4,0.364,0.3,1.1,0.24,0.6,1.3,0.467,0.418,0.4,0.5,0.75,0.7,2.5,3.2,0.9,0.3,0.5,0.7,1.9,2.4,,Maxi Kleber
419.0,Tyler Kolek,23.0,NYK,PG,20.0,0.0,6.4,0.9,2.1,0.405,0.5,1.3,0.4,0.4,0.9,0.412,0.524,0.2,0.2,1.0,0.1,0.6,0.7,0.8,0.3,0.1,0.4,0.6,2.4,,Tyler Kolek
420.0,Damion Lee,32.0,PHO,SG,7.0,0.0,6.7,0.7,3.0,0.238,0.1,1.7,0.083,0.6,1.3,0.444,0.262,0.9,0.9,1.0,0.0,0.7,0.7,0.7,0.3,0.0,0.4,0.3,2.4,,Damion Lee
421.0,Olivier-Maxence Prosper,22.0,DAL,PF,24.0,0.0,7.3,0.8,2.2,0.377,0.2,0.7,0.25,0.7,1.5,0.432,0.415,0.5,0.9,0.619,0.8,1.1,1.9,0.5,0.3,0.1,0.2,0.4,2.4,,Olivier-Maxence Prosper
422.0,Vlatko Čančar,27.0,DEN,PF,4.0,0.0,8.5,1.0,1.8,0.571,0.3,0.5,0.5,0.8,1.3,0.6,0.643,0.0,0.0,,0.8,1.3,2.0,0.0,0.0,0.3,0.5,1.0,2.3,,Vlatko Čančar
423.0,Anthony Gill,32.0,WAS,PF,23.0,0.0,6.7,0.8,1.6,0.514,0.2,0.6,0.385,0.6,1.0,0.583,0.581,0.4,0.8,0.556,0.3,0.9,1.2,0.3,0.2,0.0,0.2,0.5,2.3,,Anthony Gill
424.0,Lester Quiñones,24.0,PHI,SG,4.0,0.0,4.3,1.0,2.0,0.5,0.0,0.8,0.0,1.0,1.3,0.8,0.5,0.3,0.3,1.0,0.8,0.3,1.0,0.3,0.0,0.0,1.0,0.0,2.3,,Lester Quiñones
425.0,Tristan Thompson,33.0,CLE,PF,14.0,0.0,7.1,1.0,2.1,0.483,0.0,0.1,0.0,1.0,2.0,0.5,0.483,0.3,1.0,0.286,0.6,1.9,2.6,0.3,0.0,0.3,0.4,0.7,2.3,,Tristan Thompson
426.0,Jeenathan Williams,25.0,HOU,SG,3.0,0.0,3.3,1.0,1.3,0.75,0.3,0.7,0.5,0.7,0.7,1.0,0.875,0.0,0.0,,0.0,1.0,1.0,0.0,0.3,0.0,0.0,0.0,2.3,,Jeenathan Williams
427.0,Kai Jones,24.0,LAC,C,22.0,0.0,8.1,0.9,1.3,0.69,0.0,0.1,0.0,0.9,1.2,0.741,0.69,0.4,0.5,0.75,0.6,1.2,1.9,0.5,0.3,0.5,0.4,1.0,2.2,,Kai Jones
428.0,Christian Koloko,24.0,LAL,C,21.0,0.0,9.6,1.0,1.7,0.6,0.0,0.1,0.0,1.0,1.6,0.636,0.6,0.1,0.2,0.75,1.1,1.4,2.5,0.3,0.3,0.4,0.3,1.2,2.1,,Christian Koloko
429.0,Jordan McLaughlin,28.0,SAC,PG,23.0,0.0,7.2,0.7,1.7,0.385,0.4,1.0,0.391,0.3,0.7,0.375,0.5,0.4,0.6,0.714,0.1,0.7,0.8,0.9,0.4,0.0,0.4,0.5,2.1,,Jordan McLaughlin
430.0,Jaylon Tyson,22.0,CLE,SG,20.0,1.0,7.5,0.9,1.9,0.447,0.2,0.7,0.286,0.7,1.2,0.542,0.5,0.2,0.4,0.5,0.7,1.1,1.7,0.7,0.3,0.0,0.5,1.2,2.1,,Jaylon Tyson
431.0,Patrick Baldwin Jr.,22.0,WAS,SF,15.0,0.0,4.1,0.7,1.4,0.524,0.4,0.8,0.5,0.3,0.6,0.556,0.667,0.1,0.3,0.5,0.2,0.6,0.8,0.1,0.1,0.1,0.1,0.3,2.0,,Patrick Baldwin Jr.
432.0,Justin Edwards,21.0,PHI,SF,4.0,0.0,5.8,1.0,2.3,0.444,0.0,1.3,0.0,1.0,1.0,1.0,0.444,0.0,0.3,0.0,0.0,0.5,0.5,0.5,0.5,0.0,0.3,0.5,2.0,,Justin Edwards
433.0,Jalen Hood-Schifino,21.0,LAL,SG,2.0,0.0,7.0,0.5,0.5,1.0,0.0,0.0,,0.5,0.5,1.0,1.0,1.0,1.0,1.0,0.5,0.0,0.5,0.5,0.0,0.5,0.5,1.5,2.0,,Jalen Hood-Schifino
434.0,Caleb Houstan,22.0,ORL,SF,23.0,1.0,7.9,0.6,1.9,0.326,0.5,1.6,0.333,0.1,0.3,0.286,0.465,0.2,0.2,1.0,0.2,0.4,0.6,0.3,0.2,0.1,0.0,0.6,2.0,,Caleb Houstan
435.0,Dillon Jones,23.0,OKC,SF,26.0,0.0,8.1,0.8,2.3,0.328,0.3,1.4,0.194,0.5,1.0,0.52,0.385,0.2,0.5,0.5,0.6,1.2,1.8,0.7,0.2,0.1,0.3,0.9,2.0,,Dillon Jones
436.0,Cory Joseph,33.0,ORL,PG,21.0,0.0,6.6,0.7,2.0,0.366,0.5,1.3,0.393,0.2,0.6,0.308,0.5,0.0,0.0,,0.2,0.7,1.0,0.8,0.3,0.1,0.3,0.4,2.0,,Cory Joseph
437.0,Leonard Miller,21.0,MIN,SF,1.0,0.0,2.0,0.0,0.0,,0.0,0.0,,0.0,0.0,,,2.0,2.0,1.0,0.0,0.0,0.0,0.0,1.0,0.0,0.0,0.0,2.0,,Leonard Miller
438.0,Markieff Morris,35.0,DAL,PF,5.0,0.0,5.0,0.8,2.8,0.286,0.4,1.4,0.286,0.4,1.4,0.286,0.357,0.0,0.0,,0.0,1.2,1.2,0.6,0.0,0.2,0.4,0.2,2.0,,Markieff Morris
439.0,Alex Reese,25.0,OKC,PF,1.0,0.0,2.0,1.0,1.0,1.0,0.0,0.0,,1.0,1.0,1.0,1.0,0.0,0.0,,1.0,0.0,1.0,0.0,0.0,0.0,0.0,0.0,2.0,,Alex Reese
440.0,Orlando Robinson,24.0,SAC,C,8.0,0.0,6.3,0.8,1.9,0.4,0.1,0.6,0.2,0.6,1.3,0.5,0.433,0.4,0.8,0.5,0.4,1.1,1.5,1.1,0.3,0.1,0.4,0.8,2.0,,Orlando Robinson
441.0,Adama Sanogo,22.0,CHI,C,4.0,0.0,5.3,1.0,1.8,0.571,0.0,0.0,,1.0,1.8,0.571,0.571,0.0,0.0,,1.3,0.3,1.5,0.3,0.0,0.0,0.3,0.3,2.0,,Adama Sanogo
442.0,Tyler Smith,20.0,MIL,PF,11.0,0.0,3.5,0.8,1.3,0.643,0.3,0.7,0.375,0.5,0.5,1.0,0.75,0.1,0.2,0.5,0.1,0.8,0.9,0.1,0.0,0.3,0.3,0.4,2.0,,Tyler Smith
443.0,Ariel Hukporti,22.0,NYK,C,12.0,0.0,8.3,0.8,1.2,0.643,0.0,0.0,,0.8,1.2,0.643,0.643,0.3,0.7,0.5,0.3,1.5,1.8,0.5,0.0,0.7,0.8,1.2,1.8,,Ariel Hukporti
444.0,Keshad Johnson,23.0,MIA,SF,4.0,0.0,6.5,0.8,1.0,0.75,0.3,0.5,0.5,0.5,0.5,1.0,0.875,0.0,0.0,,0.0,2.3,2.3,0.3,0.0,0.8,0.3,0.5,1.8,,Keshad Johnson
445.0,MarJon Beauchamp,24.0,MIL,SF,15.0,0.0,3.9,0.6,1.5,0.409,0.2,0.7,0.273,0.4,0.7,0.545,0.477,0.3,0.4,0.833,0.1,0.9,1.1,0.1,0.1,0.0,0.7,0.3,1.7,,MarJon Beauchamp
446.0,Jericho Sims,26.0,NYK,C,29.0,2.0,11.6,0.8,1.2,0.647,0.0,0.0,,0.8,1.2,0.647,0.647,0.2,0.3,0.667,1.3,2.2,3.6,0.6,0.2,0.3,0.5,1.3,1.7,,Jericho Sims
447.0,Jordan Walsh,20.0,BOS,PF,26.0,1.0,8.8,0.6,1.8,0.34,0.3,1.2,0.25,0.3,0.6,0.533,0.426,0.2,0.4,0.5,0.4,0.8,1.3,0.3,0.3,0.3,0.3,0.6,1.7,,Jordan Walsh
448.0,Pacome Dadiet,19.0,NYK,SG,12.0,0.0,6.8,0.5,1.7,0.3,0.4,1.2,0.357,0.1,0.5,0.167,0.425,0.2,0.2,1.0,0.0,1.1,1.1,0.4,0.1,0.2,0.1,0.4,1.6,,Pacome Dadiet
449.0,Jazian Gortman,21.0,DAL,PG,15.0,0.0,3.7,0.6,1.5,0.391,0.3,0.7,0.364,0.3,0.8,0.417,0.478,0.1,0.3,0.5,0.1,0.3,0.3,0.4,0.1,0.1,0.3,0.6,1.6,,Jazian Gortman
450.0,James Johnson,37.0,IND,PF,5.0,0.0,4.4,0.8,1.4,0.571,0.0,0.2,0.0,0.8,1.2,0.667,0.571,0.0,0.2,0.0,0.0,0.8,0.8,0.6,0.0,0.4,0.8,0.6,1.6,,James Johnson
451.0,Yuki Kawamura,23.0,MEM,PG,15.0,0.0,3.5,0.5,1.3,0.4,0.3,0.9,0.286,0.3,0.4,0.667,0.5,0.3,0.4,0.667,0.0,0.3,0.3,0.7,0.1,0.0,0.3,0.3,1.6,,Yuki Kawamura
452.0,Alex Len,31.0,SAC,C,27.0,3.0,7.4,0.7,1.3,0.528,0.0,0.1,0.0,0.7,1.2,0.594,0.528,0.2,0.4,0.545,0.7,1.2,1.9,0.9,0.2,0.6,0.3,0.9,1.6,,Alex Len
453.0,Dwight Powell,33.0,DAL,C,28.0,0.0,7.9,0.4,0.5,0.8,0.0,0.0,1.0,0.4,0.5,0.786,0.833,0.7,1.0,0.679,0.6,1.2,1.8,0.7,0.4,0.5,0.2,1.2,1.6,,Dwight Powell
454.0,Adem Bona,21.0,PHI,C,17.0,0.0,6.8,0.5,0.9,0.6,0.0,0.0,,0.5,0.9,0.6,0.6,0.5,0.5,0.889,0.5,1.2,1.8,0.1,0.1,0.5,0.4,1.2,1.5,,Adem Bona
455.0,Enrique Freeman,24.0,IND,PF,17.0,1.0,7.0,0.6,1.3,0.455,0.1,0.4,0.167,0.5,0.9,0.563,0.477,0.3,0.5,0.556,0.2,0.6,0.8,0.4,0.1,0.1,0.2,0.9,1.5,,Enrique Freeman
456.0,Matt Ryan,27.0,NYK,SF,10.0,0.0,4.6,0.6,2.1,0.286,0.3,1.4,0.214,0.3,0.7,0.429,0.357,0.0,0.0,,0.0,0.2,0.2,0.0,0.1,0.0,0.3,0.0,1.5,,Matt Ryan
457.0,Terrence Shannon Jr.,24.0,MIN,SG,10.0,0.0,4.5,0.7,1.3,0.538,0.1,0.3,0.333,0.6,1.0,0.6,0.577,0.0,0.0,,0.0,0.2,0.2,0.5,0.2,0.1,0.3,0.1,1.5,,Terrence Shannon Jr.
458.0,Armel Traoré,22.0,LAL,SF,8.0,0.0,7.6,0.6,2.3,0.278,0.0,0.9,0.0,0.6,1.4,0.455,0.278,0.3,0.9,0.286,0.1,1.6,1.8,0.1,0.5,0.3,0.3,0.8,1.5,,Armel Traoré
459.0,Colin Castleton,24.0,MEM,C,10.0,0.0,4.6,0.2,1.0,0.2,0.0,0.4,0.0,0.2,0.6,0.333,0.2,1.0,1.1,0.909,0.3,0.6,0.9,0.0,0.1,0.1,0.1,0.6,1.4,,Colin Castleton
460.0,Adam Flagler,25.0,OKC,SG,11.0,0.0,3.6,0.5,1.8,0.25,0.5,1.7,0.263,0.0,0.1,0.0,0.375,0.0,0.0,,0.2,0.4,0.5,0.0,0.2,0.0,0.0,0.4,1.4,,Adam Flagler
461.0,AJ Johnson,20.0,MIL,SG,5.0,0.0,2.2,0.6,1.2,0.5,0.2,0.2,1.0,0.4,1.0,0.4,0.583,0.0,0.0,,0.0,0.4,0.4,0.2,0.0,0.0,0.4,0.0,1.4,,AJ Johnson
462.0,Jaden Springer,22.0,BOS,SG,14.0,0.0,4.5,0.3,1.0,0.286,0.0,0.3,0.0,0.3,0.7,0.4,0.286,0.9,1.1,0.8,0.3,0.7,1.0,0.4,0.3,0.0,0.1,0.6,1.4,,Jaden Springer
463.0,Jack McVeigh,28.0,HOU,PF,6.0,0.0,3.5,0.5,1.8,0.273,0.3,1.3,0.25,0.2,0.5,0.333,0.364,0.0,0.0,,0.2,0.5,0.7,0.2,0.0,0.2,0.2,0.2,1.3,,Jack McVeigh
464.0,Pat Spencer,28.0,GSW,PG,11.0,0.0,5.2,0.5,1.6,0.333,0.0,0.3,0.0,0.5,1.4,0.4,0.333,0.2,0.2,1.0,0.4,0.7,1.1,1.5,0.5,0.0,0.4,0.4,1.3,,Pat Spencer
465.0,Luke Travers,23.0,CLE,SG,6.0,0.0,7.0,0.5,1.2,0.429,0.0,0.5,0.0,0.5,0.7,0.75,0.429,0.3,0.3,1.0,0.2,0.8,1.0,0.8,0.2,0.2,0.3,0.5,1.3,,Luke Travers
466.0,Sidy Cissoko,20.0,SAS,SF,13.0,0.0,3.2,0.5,1.0,0.462,0.2,0.5,0.5,0.2,0.5,0.429,0.577,0.0,0.3,0.0,0.2,0.5,0.6,0.5,0.0,0.0,0.1,0.4,1.2,,Sidy Cissoko
467.0,JD Davison,22.0,BOS,PG,5.0,0.0,4.8,0.4,1.0,0.4,0.2,0.6,0.333,0.2,0.4,0.5,0.5,0.2,0.4,0.5,0.0,0.4,0.4,0.2,0.2,0.0,1.2,0.2,1.2,,JD Davison
468.0,Zeke Nnaji,24.0,DEN,PF,19.0,0.0,4.6,0.6,1.4,0.423,0.0,0.5,0.0,0.6,0.9,0.647,0.423,0.1,0.3,0.2,0.1,0.3,0.4,0.2,0.1,0.1,0.1,0.4,1.2,,Zeke Nnaji
469.0,Colby Jones,22.0,SAC,SG,22.0,0.0,5.4,0.5,1.1,0.417,0.2,0.4,0.444,0.3,0.7,0.4,0.5,0.0,0.0,,0.3,0.6,0.9,0.2,0.2,0.2,0.3,0.6,1.1,,Colby Jones
470.0,Xavier Tillman Sr.,26.0,BOS,C,22.0,1.0,7.8,0.5,1.6,0.278,0.2,0.9,0.211,0.3,0.8,0.353,0.333,0.0,0.1,0.5,0.4,1.2,1.5,0.3,0.4,0.2,0.3,0.6,1.1,,Xavier Tillman Sr.
471.0,Dominick Barlow,21.0,ATL,SF,6.0,0.0,4.2,0.3,1.0,0.333,0.2,0.2,1.0,0.2,0.8,0.2,0.417,0.2,0.3,0.5,0.0,0.7,0.7,0.2,0.2,0.0,0.0,0.3,1.0,,Dominick Barlow
472.0,Mouhamed Gueye,22.0,ATL,PF,2.0,0.0,5.5,0.5,2.0,0.25,0.0,1.0,0.0,0.5,1.0,0.5,0.25,0.0,0.0,,0.0,1.0,1.0,0.0,0.0,0.0,0.5,0.0,1.0,,Mouhamed Gueye
473.0,Jaylen Martin,21.0,BRK,SF,3.0,0.0,1.7,0.3,0.7,0.5,0.3,0.3,1.0,0.0,0.3,0.0,0.75,0.0,0.0,,0.0,0.0,0.0,0.0,0.0,0.0,0.0,0.3,1.0,,Jaylen Martin
474.0,Bryce McGowens,22.0,POR,SG,2.0,0.0,3.5,0.5,1.0,0.5,0.0,0.5,0.0,0.5,0.5,1.0,0.5,0.0,0.0,,0.5,0.0,0.5,0.5,0.0,0.0,0.0,0.0,1.0,,Bryce McGowens
475.0,Quinten Post,24.0,GSW,PF,2.0,0.0,2.5,0.5,1.5,0.333,0.0,1.0,0.0,0.5,0.5,1.0,0.333,0.0,0.0,,0.5,0.0,0.5,0.5,0.0,0.0,0.0,0.0,1.0,,Quinten Post
476.0,Jared Rhoden,25.0,CHO,SG,4.0,0.0,3.0,0.5,2.0,0.25,0.0,0.5,0.0,0.5,1.5,0.333,0.25,0.0,0.0,,0.5,0.5,1.0,0.5,0.3,0.0,0.3,0.3,1.0,,Jared Rhoden
477.0,Maxwell Lewis,22.0,2TM,SF,8.0,0.0,3.8,0.4,0.9,0.429,0.1,0.1,1.0,0.3,0.8,0.333,0.5,0.0,0.0,,0.3,0.0,0.3,0.3,0.1,0.0,0.3,0.1,0.9,,Maxwell Lewis
477.0,Maxwell Lewis,22.0,LAL,SF,7.0,0.0,4.1,0.3,0.9,0.333,0.0,0.0,,0.3,0.9,0.333,0.333,0.0,0.0,,0.3,0.0,0.3,0.3,0.1,0.0,0.3,0.1,0.6,,Maxwell Lewis
477.0,Maxwell Lewis,22.0,BRK,SF,1.0,0.0,1.0,1.0,1.0,1.0,1.0,1.0,1.0,0.0,0.0,,1.5,0.0,0.0,,0.0,0.0,0.0,0.0,0.0,0.0,0.0,0.0,3.0,,Maxwell Lewis
478.0,Trey Alexander,21.0,DEN,SG,10.0,0.0,4.8,0.3,1.2,0.25,0.1,0.6,0.167,0.2,0.6,0.333,0.292,0.2,0.2,1.0,0.0,0.1,0.1,0.3,0.0,0.1,0.1,0.3,0.9,,Trey Alexander
479.0,D.J. Carton,24.0,TOR,SG,4.0,0.0,8.3,0.3,1.8,0.143,0.0,0.8,0.0,0.3,1.0,0.25,0.143,0.3,0.3,1.0,0.0,1.0,1.0,0.8,0.5,0.0,1.0,0.3,0.8,,D.J. Carton
480.0,Ulrich Chomche,19.0,TOR,PF,5.0,0.0,3.8,0.4,0.6,0.667,0.0,0.0,,0.4,0.6,0.667,0.667,0.0,0.0,,0.4,0.4,0.8,0.2,0.0,0.0,0.4,0.8,0.8,,Ulrich Chomche
481.0,PJ Dozier,28.0,MIN,SG,9.0,0.0,3.9,0.2,0.3,0.667,0.2,0.3,0.667,0.0,0.0,,1.0,0.1,0.7,0.167,0.1,0.4,0.6,0.6,0.1,0.0,0.1,0.3,0.8,,PJ Dozier
482.0,Karlo Matković,23.0,NOP,PF,5.0,0.0,7.8,0.4,1.0,0.4,0.0,0.0,,0.4,1.0,0.4,0.4,0.0,0.0,,1.2,0.8,2.0,0.0,0.6,0.6,0.8,0.8,0.8,,Karlo Matković
483.0,Gui Santos,22.0,GSW,PF,10.0,0.0,4.7,0.3,0.9,0.333,0.1,0.6,0.167,0.2,0.3,0.667,0.389,0.1,0.2,0.5,0.2,0.7,0.9,0.4,0.0,0.2,0.3,0.6,0.8,,Gui Santos
484.0,Baylor Scheierman,24.0,BOS,SG,5.0,0.0,6.8,0.2,2.0,0.1,0.0,1.2,0.0,0.2,0.8,0.25,0.1,0.4,0.4,1.0,0.4,1.0,1.4,0.4,0.2,0.0,0.0,0.6,0.8,,Baylor Scheierman
485.0,PJ Hall,22.0,DEN,C,6.0,0.0,2.3,0.3,0.8,0.4,0.0,0.3,0.0,0.3,0.5,0.667,0.4,0.0,0.0,,0.0,0.5,0.5,0.0,0.0,0.2,0.0,0.2,0.7,,PJ Hall
486.0,Chris Livingston,21.0,MIL,SF,3.0,0.0,2.0,0.3,0.7,0.5,0.0,0.0,,0.3,0.7,0.5,0.5,0.0,0.0,,0.3,0.3,0.7,0.3,0.3,0.0,0.3,0.0,0.7,,Chris Livingston
487.0,Liam Robbins,25.0,MIL,C,7.0,0.0,4.7,0.3,0.6,0.5,0.0,0.1,0.0,0.3,0.4,0.667,0.5,0.1,0.6,0.25,0.6,0.4,1.0,0.1,0.1,0.1,0.1,0.6,0.7,,Liam Robbins
488.0,Tristan Vukcevic,21.0,WAS,C,3.0,0.0,2.3,0.3,1.3,0.25,0.0,1.0,0.0,0.3,0.3,1.0,0.25,0.0,0.0,,0.3,0.0,0.3,0.0,0.0,0.3,0.0,0.3,0.7,,Tristan Vukcevic
489.0,Branden Carlson,25.0,OKC,C,7.0,0.0,3.6,0.1,1.1,0.125,0.0,0.9,0.0,0.1,0.3,0.5,0.125,0.3,0.3,1.0,0.4,0.9,1.3,0.4,0.1,0.1,0.1,0.1,0.6,,Branden Carlson
490.0,Cui Yongxi,21.0,BRK,SG,5.0,0.0,2.0,0.2,1.4,0.143,0.0,0.6,0.0,0.2,0.8,0.25,0.143,0.2,0.4,0.5,0.0,0.4,0.4,0.0,0.0,0.0,0.0,0.0,0.6,,Cui Yongxi
491.0,Tristen Newton,23.0,IND,SG,5.0,0.0,1.6,0.2,1.2,0.167,0.0,0.6,0.0,0.2,0.6,0.333,0.167,0.2,0.2,1.0,0.0,0.0,0.0,0.2,0.0,0.0,0.2,0.4,0.6,,Tristen Newton
492.0,Bronny James,20.0,LAL,SG,8.0,0.0,2.5,0.1,1.1,0.111,0.0,0.5,0.0,0.1,0.6,0.2,0.111,0.3,0.3,1.0,0.1,0.0,0.1,0.4,0.1,0.1,0.0,0.3,0.5,,Bronny James
493.0,Garrett Temple,38.0,TOR,SG,11.0,0.0,4.3,0.2,0.9,0.2,0.1,0.5,0.2,0.1,0.5,0.2,0.25,0.0,0.0,,0.1,0.7,0.8,0.6,0.4,0.1,0.4,0.5,0.5,,Garrett Temple
494.0,Reece Beekman,23.0,2TM,PG,7.0,0.0,3.9,0.1,0.6,0.25,0.0,0.3,0.0,0.1,0.3,0.5,0.25,0.1,0.3,0.5,0.1,0.0,0.1,0.4,0.1,0.0,0.3,0.4,0.4,,Reece Beekman
494.0,Reece Beekman,23.0,GSW,PG,2.0,0.0,2.0,0.5,0.5,1.0,0.0,0.0,,0.5,0.5,1.0,1.0,0.0,0.0,,0.5,0.0,0.5,0.5,0.5,0.0,0.0,0.5,1.0,,Reece Beekman
494.0,Reece Beekman,23.0,BRK,PG,5.0,0.0,4.6,0.0,0.6,0.0,0.0,0.4,0.0,0.0,0.2,0.0,0.0,0.2,0.4,0.5,0.0,0.0,0.0,0.4,0.0,0.0,0.4,0.4,0.2,,Reece Beekman
495.0,Spencer Jones,23.0,DEN,SF,5.0,0.0,2.6,0.2,0.8,0.25,0.0,0.6,0.0,0.2,0.2,1.0,0.25,0.0,0.0,,0.0,0.6,0.6,0.0,0.4,0.0,0.2,0.2,0.4,,Spencer Jones
496.0,Stanley Umude,25.0,MIL,SG,8.0,0.0,3.3,0.1,0.6,0.2,0.1,0.5,0.25,0.0,0.1,0.0,0.3,0.0,0.3,0.0,0.0,0.8,0.8,0.3,0.1,0.1,0.0,0.1,0.4,,Stanley Umude
497.0,Jalen Bridges,23.0,PHO,SF,4.0,0.0,4.3,0.0,0.8,0.0,0.0,0.8,0.0,0.0,0.0,,0.0,0.3,0.5,0.5,0.0,0.8,0.8,0.0,0.0,0.0,0.5,0.0,0.3,,Jalen Bridges
498.0,Malevy Leons,25.0,OKC,SF,6.0,0.0,3.5,0.0,0.3,0.0,0.0,0.2,0.0,0.0,0.2,0.0,0.0,0.3,0.7,0.5,0.2,0.3,0.5,0.2,0.0,0.0,0.2,0.7,0.3,,Malevy Leons
499.0,Daishen Nix,22.0,MIN,PG,3.0,0.0,4.3,0.0,0.3,0.0,0.0,0.3,0.0,0.0,0.0,,0.0,0.3,0.7,0.5,0.0,1.3,1.3,1.0,0.0,0.0,1.3,0.3,0.3,,Daishen Nix
500.0,Jacob Toppin,24.0,NYK,SF,9.0,0.0,2.7,0.1,0.3,0.333,0.0,0.2,0.0,0.1,0.1,1.0,0.333,0.0,0.0,,0.0,0.4,0.4,0.4,0.0,0.0,0.1,0.1,0.2,,Jacob Toppin
501.0,Devin Carter,22.0,SAC,PG,1.0,0.0,11.0,0.0,3.0,0.0,0.0,2.0,0.0,0.0,1.0,0.0,0.0,0.0,0.0,,0.0,5.0,5.0,2.0,0.0,0.0,0.0,2.0,0.0,,Devin Carter
502.0,Josh Christopher,23.0,MIA,SG,2.0,0.0,2.0,0.0,0.5,0.0,0.0,0.5,0.0,0.0,0.0,,0.0,0.0,0.0,,0.0,1.0,1.0,0.0,0.0,0.0,1.0,0.0,0.0,,Josh Christopher
503.0,Isaiah Crawford,23.0,SAC,SF,2.0,0.0,3.5,0.0,0.0,,0.0,0.0,,0.0,0.0,,,0.0,0.0,,0.0,0.5,0.5,0.0,0.0,0.0,0.0,0.5,0.0,,Isaiah Crawford
504.0,Alex Ducas,24.0,OKC,SG,4.0,0.0,1.8,0.0,0.8,0.0,0.0,0.5,0.0,0.0,0.3,0.0,0.0,0.0,0.0,,0.0,0.0,0.0,0.0,0.0,0.0,0.0,0.0,0.0,,Alex Ducas
505.0,Kessler Edwards,24.0,DAL,SF,12.0,0.0,2.2,0.0,0.5,0.0,0.0,0.3,0.0,0.0,0.2,0.0,0.0,0.0,0.0,,0.0,0.2,0.2,0.1,0.0,0.1,0.1,0.3,0.0,,Kessler Edwards
506.0,Joe Ingles,37.0,MIN,SF,7.0,0.0,3.7,0.0,0.3,0.0,0.0,0.3,0.0,0.0,0.0,,0.0,0.0,0.0,,0.3,0.0,0.3,1.3,0.0,0.0,0.1,0.7,0.0,,Joe Ingles
507.0,Harrison Ingram,22.0,SAS,SF,1.0,0.0,7.0,0.0,1.0,0.0,0.0,0.0,,0.0,1.0,0.0,0.0,0.0,0.0,,0.0,1.0,1.0,0.0,0.0,0.0,0.0,1.0,0.0,,Harrison Ingram
508.0,Daniss Jenkins,23.0,DET,PG,2.0,0.0,2.5,0.0,1.0,0.0,0.0,1.0,0.0,0.0,0.0,,0.0,0.0,0.0,,0.0,0.0,0.0,0.0,0.0,0.0,0.0,0.5,0.0,,Daniss Jenkins
509.0,Mason Jones,26.0,SAC,SG,3.0,0.0,4.3,0.0,0.7,0.0,0.0,0.7,0.0,0.0,0.0,,0.0,0.0,0.0,,0.3,1.0,1.3,2.3,0.0,0.0,0.0,0.3,0.0,,Mason Jones
510.0,Mac McClung,26.0,ORL,SG,1.0,0.0,5.0,0.0,0.0,,0.0,0.0,,0.0,0.0,,,0.0,0.0,,0.0,1.0,1.0,2.0,0.0,0.0,0.0,0.0,0.0,,Mac McClung
511.0,Justin Minaya,25.0,POR,SF,1.0,0.0,6.0,0.0,0.0,,0.0,0.0,,0.0,0.0,,,0.0,0.0,,0.0,1.0,1.0,0.0,0.0,0.0,0.0,1.0,0.0,,Justin Minaya
512.0,Riley Minix,24.0,SAS,SF,1.0,0.0,7.0,0.0,1.0,0.0,0.0,1.0,0.0,0.0,0.0,,0.0,0.0,0.0,,0.0,2.0,2.0,0.0,0.0,0.0,0.0,0.0,0.0,,Riley Minix
513.0,Cole Swider,25.0,DET,SF,2.0,0.0,6.5,0.0,2.5,0.0,0.0,2.5,0.0,0.0,0.0,,0.0,0.0,0.0,,0.0,1.0,1.0,0.5,0.0,0.0,0.0,0.5,0.0,,Cole Swider
,League Average,,,,,,,,,0.465,,,0.359,,,0.542,0.541,,,0.779,,,,,,,,,,,League Average
